product_id,name,category,price,created_at
1,Optimize Transparent Infrastructures,Sports,4944.75,2024-07-10 13:44:00
2,Revolutionize Vertical Technologies,Home,4568.34,2024-10-02 21:52:00
3,Innovate E-Business Deliverables,Clothing,3821.21,2024-12-14 19:55:00
4,Optimize Value-Added Mindshare,Electronics,2651.26,2024-09-27 22:23:00
5,E-Enable Extensible Users,Electronics,4590.36,2024-02-27 01:53:00
6,Brand Proactive Synergies,Home,4519.3,2024-04-13 18:34:00
7,Synergize Cross-Platform Eyeballs,Clothing,864.46,2024-09-23 14:07:00
8,Visualize Dot-Com Infrastructures,Sports,1066.74,2024-10-25 15:05:00
9,Optimize Rich Niches,Home,2255.14,2024-01-29 14:08:00
10,Orchestrate Magnetic Synergies,Home,2106.35,2024-10-15 01:35:00
11,Exploit Next-Generation Initiatives,Books,3380.2,2024-06-06 23:01:00
12,Innovate Dynamic Infrastructures,Books,1309.56,2024-01-02 23:13:00
13,Whiteboard Synergistic Solutions,Home,411.5,2024-08-04 11:44:00
14,Matrix Mission-Critical Synergies,Electronics,2728.76,2024-01-31 02:59:00
15,Architect Frictionless Markets,Books,207.09,2024-07-28 05:49:00
16,Redefine Customized Markets,Clothing,3840.85,2024-11-26 13:23:00
17,Harness Next-Generation Info-Mediaries,Books,2270.26,2024-07-12 12:05:00
18,Maximize Seamless Paradigms,Sports,4822.51,2024-10-03 04:41:00
19,Productize Cross-Platform Mindshare,Food,637.23,2024-10-02 12:33:00
20,Deliver Visionary E-Markets,Clothing,3652.9,2024-04-24 00:48:00
21,Empower Customized Markets,Electronics,4893.53,2024-08-25 21:46:00
22,Grow Virtual Vortals,Home,2149.43,2024-07-13 07:15:00
23,Exploit Magnetic Partnerships,Books,1763.49,2024-05-21 06:59:00
24,Enhance Efficient Bandwidth,Sports,3839.18,2024-01-17 21:26:00
25,Re-Contextualize Collaborative Portals,Home,3841.96,2024-01-09 07:13:00
26,Disintermediate Sticky Eyeballs,Electronics,549.44,2024-01-18 14:38:00
27,Transform Mission-Critical Bandwidth,Sports,3531.27,2024-01-25 07:47:00
28,Reinvent Ubiquitous Experiences,Electronics,2041.21,2024-04-29 17:13:00
29,Iterate Best-Of-Breed Niches,Electronics,743.67,2024-05-28 07:52:00
30,Streamline Front-End E-Services,Sports,2901.75,2024-10-22 19:49:00
31,Seize Distributed Applications,Sports,4100.99,2024-05-01 09:56:00
32,Enable Customized Experiences,Clothing,4929.19,2024-09-23 07:26:00
33,Reinvent B2C Niches,Food,1412.01,2024-10-12 18:56:00
34,Synthesize Cross-Media Bandwidth,Sports,4562.31,2024-11-16 21:27:00
35,Extend Innovative Methodologies,Home,2503.32,2024-06-25 20:42:00
36,Integrate Sticky Web Services,Books,3939.73,2024-06-12 22:26:00
37,Syndicate Global E-Business,Books,788.63,2024-07-11 05:48:00
38,Engineer Virtual Bandwidth,Home,2393.92,2024-04-25 09:54:00
39,Utilize Dynamic Niches,Sports,764.54,2024-08-25 01:35:00
40,Iterate Seamless Roi,Books,4840.54,2024-10-12 16:08:00
41,Whiteboard Out-Of-The-Box Users,Books,1252.15,2024-04-14 10:41:00
42,Re-Intermediate Intuitive Info-Mediaries,Electronics,4615.02,2024-07-08 02:34:00
43,Harness 24/7 Roi,Sports,4155.56,2024-01-27 08:24:00
44,Strategize Leading-Edge E-Markets,Sports,3044.6,2024-01-21 02:12:00
45,Repurpose Real-Time Schemas,Home,3635.31,2024-10-13 06:30:00
46,Architect Dot-Com Roi,Clothing,4353.9,2024-06-19 09:58:00
47,Syndicate E-Business Schemas,Electronics,1098.45,2024-04-07 23:07:00
48,Aggregate Proactive Metrics,Sports,4997.88,2024-09-02 07:44:00
49,Iterate Frictionless Methodologies,Home,3533.65,2024-07-22 07:35:00
50,Monetize Next-Generation Convergence,Food,3888.79,2024-07-13 14:34:00
51,Evolve Enterprise Infrastructures,Sports,1828.33,2024-05-13 11:32:00
52,Incubate Global Supply-Chains,Books,2356.72,2024-08-28 10:58:00
53,Embrace Visionary Portals,Clothing,1884.99,2024-07-30 01:36:00
54,Seize Next-Generation Methodologies,Clothing,3719.2,2024-01-09 08:35:00
55,Architect Scalable Niches,Home,2916.76,2024-08-01 09:09:00
56,Architect Web-Enabled Synergies,Clothing,1682.83,2024-07-13 18:53:00
57,Utilize 24/365 Systems,Clothing,2521.54,2024-12-01 21:21:00
58,Implement Turn-Key Schemas,Food,3828.64,2024-09-07 23:41:00
59,Re-Intermediate Cross-Platform E-Commerce,Sports,2478.45,2024-03-27 23:50:00
60,Drive Synergistic E-Tailers,Food,887.87,2024-10-06 15:11:00
61,Exploit E-Business Partnerships,Home,4952.1,2024-01-31 16:02:00
62,Envisioneer Cross-Media Markets,Electronics,4728.68,2024-12-08 01:48:00
63,Aggregate Visionary Paradigms,Electronics,2091.34,2024-11-18 07:04:00
64,Leverage Cross-Media Web Services,Sports,797.6,2024-04-21 16:29:00
65,Utilize Turn-Key Applications,Food,349.23,2024-11-22 21:59:00
66,Incentivize Integrated Synergies,Home,4568.12,2024-12-03 15:01:00
67,Redefine Vertical Eyeballs,Electronics,2684.45,2024-07-29 00:01:00
68,Embrace Mission-Critical Web Services,Home,3624.85,2024-10-01 09:01:00
69,Innovate Revolutionary E-Services,Home,4075.13,2024-12-11 13:51:00
70,Syndicate Visionary Info-Mediaries,Clothing,579.73,2024-02-19 16:09:00
71,Architect Innovative E-Tailers,Clothing,1000.06,2024-09-26 08:52:00
72,Transition Frictionless Vortals,Food,1373.26,2024-07-22 02:23:00
73,Deliver Impactful Markets,Books,2322.04,2024-05-04 22:14:00
74,Integrate Turn-Key Channels,Food,3436.01,2024-02-11 20:54:00
75,Embrace Scalable Eyeballs,Sports,3809.95,2024-02-17 12:24:00
76,Exploit 24/7 Markets,Books,2785.87,2024-01-29 20:00:00
77,Streamline Magnetic Infrastructures,Sports,898.35,2024-09-12 13:41:00
78,Architect Dynamic Vortals,Food,2850.99,2024-02-18 16:58:00
79,Mesh Customized Paradigms,Electronics,1187.34,2024-12-20 18:30:00
80,Expedite Dynamic Eyeballs,Food,280.48,2024-02-08 21:59:00
81,Empower Global Metrics,Food,4501.59,2024-10-15 21:02:00
82,Whiteboard Enterprise E-Commerce,Clothing,4647.39,2024-06-10 00:13:00
83,Drive One-To-One E-Markets,Home,763.75,2024-12-30 12:59:00
84,Enable One-To-One Web Services,Electronics,1531.42,2024-10-15 07:36:00
85,Incubate Scalable Action-Items,Books,3401.32,2024-10-03 10:24:00
86,Mesh Compelling Synergies,Sports,742.76,2024-12-18 23:05:00
87,Target Back-End Schemas,Home,3740.01,2024-06-26 01:06:00
88,Seize Dynamic Action-Items,Books,1199.11,2024-02-08 10:38:00
89,Utilize Strategic Partnerships,Home,4776.55,2024-07-22 10:01:00
90,Utilize World-Class Channels,Sports,1402.97,2024-08-18 15:14:00
91,Empower Transparent Eyeballs,Food,2787.54,2024-07-11 13:11:00
92,Monetize Viral Vortals,Sports,2950.08,2024-07-13 02:49:00
93,Deploy Strategic Portals,Home,1512.13,2024-05-06 22:04:00
94,Evolve Cutting-Edge Systems,Electronics,1376.46,2024-07-13 22:50:00
95,Strategize Visionary Interfaces,Sports,813.67,2024-07-18 10:23:00
96,Facilitate Intuitive Web Services,Electronics,503.03,2024-06-06 14:23:00
97,E-Enable Revolutionary Paradigms,Food,556.05,2024-02-14 05:27:00
98,Deliver Extensible Methodologies,Books,2807.08,2024-09-19 13:06:00
99,Iterate Synergistic Communities,Electronics,493.61,2024-10-10 02:38:00
100,Orchestrate Value-Added Communities,Home,3932.97,2024-07-16 00:18:00
