user_id,name,email,phone,city,created_at
1,Anusha Prabhakar,hnayar@example.org,03116170986,Malegaon,2024-11-23 03:01:00
2,Yutika Bobal,laban37@example.com,+917193021830,Miryalaguda,2024-05-20 07:14:00
3,Gaurav Gupta,netragandhi@example.net,8467720096,Mehsana,2024-03-12 23:06:00
4,David Thakkar,brijeshdube@example.net,+918452035722,Ranchi,2024-12-12 23:57:00
5,Libni Gole,wallanicholas@example.net,03120341592,Jaipur,2024-10-06 02:37:00
6,Theodore Krishnamurthy,aghose@example.net,+911988882544,Malda,2024-08-04 01:01:00
7,Shivani Sant,aurorafaraj@example.com,00647119006,Moradabad,2024-02-17 06:14:00
8,Aadi Bajaj,charjanuja@example.org,9794515108,Srikakulam,2024-09-15 19:01:00
9,Hardik Chawla,saichauhan@example.org,07764072739,Surat,2024-10-14 06:45:00
10,Odika Samra,rajatachhabra@example.com,8770601980,Junagadh,2024-11-28 22:34:00
11,Oviya Varghese,zdeshpande@example.com,0873729424,Bhavnagar,2024-08-02 07:28:00
12,Manbir Pai,chandavivaan@example.net,+918962367654,Ujjain,2024-10-28 08:51:00
13,Chakrika Karnik,ghoseekta@example.org,7457520134,Imphal,2024-01-04 05:44:00
14,Kamya Mander,ridhi20@example.net,8083207418,Tinsukia,2024-08-04 10:17:00
15,Darpan Sidhu,nathanmuni@example.net,6585198733,Suryapet,2024-03-20 06:48:00
16,Raghav Datta,xmukherjee@example.net,08142675855,Raebareli,2024-06-21 03:05:00
17,Chaaya Gulati,mandergauri@example.org,+915842413521,Agartala,2024-07-13 03:22:00
18,Unnati Kashyap,dugalfarhan@example.com,+913883573210,Panihati,2024-06-25 19:16:00
19,Aarush Biswas,dewanfarhan@example.com,+913583471381,Hubli–Dharwad,2024-01-23 23:29:00
20,Hredhaan Chopra,wrastogi@example.net,04408345533,Bhind,2024-10-01 03:59:00
21,Harita Keer,kritikamaster@example.net,06702178402,Malegaon,2024-07-12 02:35:00
22,Jyoti Agrawal,christophersha@example.net,+917095993553,Mira-Bhayandar,2024-05-30 20:39:00
23,Karan Chhabra,wallaishita@example.org,+912383996419,Kishanganj,2024-07-04 18:12:00
24,Finn Hans,semmekhala@example.org,09128727718,Kirari Suleman Nagar,2024-12-26 02:02:00
25,Jackson Ravi,nidra49@example.net,06594468879,Patna,2024-12-04 07:49:00
26,Gaurav Goyal,vansha32@example.org,06409626400,Maheshtala,2024-05-28 02:54:00
27,Amara Pathak,borahqabil@example.net,1757603239,Thane,2024-04-29 03:24:00
28,Urvashi Minhas,chandraodika@example.com,+916732763305,Gaya,2024-05-22 14:40:00
29,Leena Venkatesh,omkaar72@example.net,02106097310,Jamshedpur,2024-07-05 05:23:00
30,Tejas Muni,devanradha@example.org,04530915569,Mehsana,2024-06-30 06:42:00
31,Ansh Bhalla,balhaarbhatnagar@example.com,03165765552,Phusro,2024-05-16 22:59:00
32,Oscar Dhaliwal,urishilla28@example.com,1155565941,Tadepalligudem,2024-12-15 20:04:00
33,Wishi Khalsa,hardik22@example.net,04882028474,Tirupati,2024-11-07 20:10:00
34,Onveer Divan,yseth@example.org,05416741219,Kanpur,2024-09-30 23:15:00
35,Ekaraj Grover,yashawiniratti@example.net,9630634265,Ambattur,2024-03-24 14:24:00
36,Mason Tak,sarinishaan@example.org,+913380301776,Latur,2024-05-18 20:44:00
37,Aarav Kulkarni,aahanathaker@example.net,8872084127,Hapur,2024-10-12 07:43:00
38,Ekani Garde,finn08@example.org,6052241673,Morena,2024-06-15 01:14:00
39,Wahab Patil,wsunder@example.net,+919136508470,Tadipatri,2024-01-17 10:25:00
40,Wazir Kala,wrideshdube@example.net,+915471757302,Ballia,2024-05-17 02:13:00
41,Sanaya Bassi,taramenon@example.net,+911917011232,Coimbatore,2024-10-17 22:20:00
42,Damini Borra,bathudyati@example.net,8105731396,Varanasi,2024-04-18 20:31:00
43,Amol Hegde,sanghvikalpit@example.org,06720155044,Rajkot,2024-07-21 20:29:00
44,Banjeet Zachariah,brahmbhattbachittar@example.net,00121607442,Jorhat,2024-03-14 08:08:00
45,Wriddhish Barad,asinha@example.org,7166735995,Pudukkottai,2024-05-06 23:35:00
46,Liam Rattan,vamakshideshmukh@example.org,1208877344,Morbi,2024-10-02 08:47:00
47,Advik Gokhale,yastijayaraman@example.com,0428158976,Bokaro,2024-10-26 13:57:00
48,Gayathri Mishra,pvarughese@example.org,05618416910,Tirupati,2024-10-25 12:23:00
49,Vasudha Solanki,faqidrajan@example.com,7850016068,Mirzapur,2024-04-22 04:32:00
50,Vaishnavi Sankaran,owen23@example.org,04703625981,Shimoga,2024-09-09 02:48:00
51,Anamika Chacko,fsekhon@example.org,2284240967,Ambarnath,2024-01-25 03:09:00
52,Yagnesh Karpe,munshinidhi@example.org,04160707933,Ludhiana,2024-11-17 05:50:00
53,Yatin Mangal,lupadhyay@example.com,04514942683,Tadepalligudem,2024-12-14 13:38:00
54,Damini Deol,balabakhshi@example.net,+918419706828,Darbhanga,2024-02-02 12:24:00
55,Gunbir Nadkarni,leela75@example.org,0411055101,Bettiah,2024-11-01 14:33:00
56,Nirja Patla,kapadiaomya@example.org,2240515429,Ramagundam,2024-05-08 17:55:00
57,Vansha Edwin,kundashivansh@example.com,6025284180,Imphal,2024-01-06 21:46:00
58,Faraj Amble,janiudant@example.net,+917304499700,Tadipatri,2024-02-28 21:56:00
59,Xavier Narain,annevasana@example.com,+919203947773,Tumkur,2024-10-01 08:49:00
60,Oeshi Saini,qarinkhanna@example.org,+914331038664,Chandrapur,2024-11-24 10:07:00
61,Vaishnavi Sant,patileshana@example.com,05456694492,Panvel,2024-05-30 13:10:00
62,Michael Parmer,gaurangmanda@example.net,7411762773,Ramagundam,2024-08-20 00:46:00
63,Tanay Bava,opathak@example.com,01550438205,Pimpri-Chinchwad,2024-05-14 16:48:00
64,Daniel Dewan,aradhana50@example.com,9953712555,Kalyan-Dombivli,2024-04-01 16:58:00
65,Pavani Mangal,triveni14@example.org,1028977341,Vijayanagaram,2024-02-24 20:19:00
66,Lopa Barad,loyalniharika@example.net,06730653524,Anand,2024-11-23 16:38:00
67,Champak Pingle,jairajshere@example.com,00639241961,Bhilai,2024-04-11 04:23:00
68,Owen Vig,bbiswas@example.net,+918483347627,Lucknow,2024-03-23 17:49:00
69,Krish Sahota,magarfalan@example.net,07895398579,Bhilwara,2024-09-28 00:38:00
70,Sai Subramaniam,harshilbatra@example.org,4242961717,Ozhukarai,2024-06-14 15:01:00
71,Nidhi Divan,dakshabadal@example.net,+912066228012,Proddatur,2024-02-27 11:56:00
72,Oni Bhattacharyya,kalladevansh@example.org,5968642006,Jehanabad,2024-06-06 07:03:00
73,Rayaan Sandhu,rajanpahal@example.net,+916520084375,Tiruppur,2024-05-03 18:05:00
74,Mason Upadhyay,faqid35@example.org,+915988240430,Bhagalpur,2024-02-13 23:31:00
75,Anvi Ganesan,chhabralila@example.net,+914104509574,Nagaon,2024-02-05 17:49:00
76,Henry Vala,nlad@example.com,00972074080,Sirsa,2024-03-05 04:42:00
77,Jacob Bali,ridhi76@example.net,0304019265,Jaipur,2024-08-31 17:10:00
78,Ganga Sachar,mitterbalhaar@example.net,6227410021,Amritsar,2024-05-15 16:55:00
79,Ishita Dass,kondazayan@example.net,1980207496,Khammam,2024-11-06 13:13:00
80,Ronith Borde,rayaan08@example.net,+914048363236,Sri Ganganagar,2024-10-03 23:44:00
81,Vedhika Thaman,priyarao@example.com,1749893188,Chandrapur,2024-04-12 22:19:00
82,Tara Dass,urvidin@example.net,+916688447666,Hindupur,2024-07-23 21:41:00
83,Jagdish Malhotra,thamannirja@example.net,04153758917,Karnal,2024-07-10 14:57:00
84,Kai Bakshi,ojasvi87@example.net,+913624545692,Salem,2024-09-21 14:07:00
85,Chasmum Parikh,umang28@example.com,1905700192,Hospet,2024-05-06 07:04:00
86,Ekalinga Baral,hritik98@example.net,+916516424576,Howrah,2024-06-22 00:37:00
87,Raksha Bhatt,lben@example.org,07657028460,Tirupati,2024-10-10 07:37:00
88,Ansh Dhawan,pvasa@example.com,00645767738,Bulandshahr,2024-04-22 00:04:00
89,Ranbir Ghosh,madhavibadal@example.org,+910976804742,Gopalpur,2024-12-28 20:03:00
90,Rayaan Rajagopal,thakkarbalendra@example.net,+915257343908,Alwar,2024-04-27 02:57:00
91,Damyanti Trivedi,chanderaadhya@example.com,01775172348,Nanded,2024-01-17 10:04:00
92,Yochana Dalal,yutika20@example.org,+914355489473,Tiruchirappalli,2024-09-20 07:17:00
93,Janani Bains,vwarrior@example.com,00694293879,Pali,2024-12-08 15:13:00
94,Anamika Barad,vasudhasabharwal@example.net,9941530235,Siliguri,2024-10-03 04:46:00
95,Lajita Ghosh,xlata@example.com,+911188981603,Ongole,2024-10-19 18:30:00
96,Tarak Wali,oscarvarghese@example.net,09569507765,Buxar,2024-05-04 15:51:00
97,Urmi Sagar,tsinghal@example.org,01165698301,Morena,2024-07-27 06:06:00
98,Dalbir Johal,rachita21@example.net,5968616840,Secunderabad,2024-02-19 21:27:00
99,Finn Mukherjee,hemavarma@example.org,+910134756267,Nizamabad,2024-06-30 13:26:00
100,Yash Chatterjee,guneet24@example.net,0858848198,Kumbakonam,2024-08-27 23:03:00
101,Gautam Bahri,shauryadewan@example.net,+912298037210,Avadi,2024-12-10 20:41:00
102,Upadhriti Merchant,gandhisamaksh@example.com,+917552193169,Dindigul,2024-02-20 01:25:00
103,Divya Mishra,panchalgirish@example.net,+910584143878,Bhimavaram,2024-06-22 03:15:00
104,Ekanta Dhar,basuurmi@example.com,4808363716,Thoothukudi,2024-04-08 06:34:00
105,Caleb Gill,tlall@example.net,6045343522,Surendranagar Dudhrej,2024-08-17 04:27:00
106,Oni Butala,jhalakbaria@example.com,+914830083649,Kirari Suleman Nagar,2024-04-03 08:29:00
107,Nachiket Bath,samradev@example.org,9528882933,Sultan Pur Majra,2024-05-07 02:28:00
108,Andrew Buch,jeevika77@example.com,0304047896,Mysore,2024-10-08 03:03:00
109,Anthony Chahal,falakbalan@example.net,+913535395914,Rohtak,2024-11-29 17:53:00
110,Jhalak Dhingra,karan89@example.net,+919185600226,Bihar Sharif,2024-01-08 02:59:00
111,Ekaraj Maharaj,nitaraaggarwal@example.net,1858935679,Indore,2024-05-01 05:26:00
112,Mitali Natt,pwarrior@example.com,+911969329353,Purnia,2024-09-05 15:13:00
113,Nakul Talwar,olivermemon@example.org,01324316555,Latur,2024-07-24 01:10:00
114,Chavvi Bhargava,gauri27@example.com,07717888673,Mysore,2024-07-13 00:24:00
115,Eesha Balakrishnan,ridhidhar@example.net,05732950072,Dewas,2024-05-15 14:18:00
116,Ishani Deo,nicholasravel@example.com,3223245423,Bihar Sharif,2024-08-04 22:46:00
117,Ansh Sandal,hoommen@example.net,4473551864,Muzaffarpur,2024-10-11 21:45:00
118,Peter Seth,siddharthlall@example.org,0096647451,Kharagpur,2024-09-06 04:12:00
119,Tanay Raju,galahitesh@example.net,+912788955241,Panchkula,2024-05-31 06:03:00
120,Gautami Date,kparekh@example.net,3553303405,Bettiah,2024-10-23 23:34:00
121,Karan Sami,bhargavamax@example.org,+910715992995,Tiruvottiyur,2024-02-01 23:20:00
122,Sanya Bajwa,jackson99@example.com,+919777615428,Tadepalligudem,2024-01-30 01:37:00
123,Bhavya Sahni,rachit93@example.net,08676022192,Jalna,2024-09-01 16:58:00
124,Theodore Banerjee,waglesathvik@example.org,+919024396786,Tenali,2024-09-28 05:03:00
125,Om Dhawan,janaki37@example.org,+910971209072,Ichalkaranji,2024-09-17 02:54:00
126,Dev Vaidya,mohanlipika@example.com,5589737442,Kulti,2024-04-05 02:38:00
127,Kalpit Randhawa,balhaar39@example.net,09002711329,Asansol,2024-02-04 21:55:00
128,Nimrat Dey,hemanisane@example.com,+916821713191,Sri Ganganagar,2024-04-30 12:07:00
129,Nikita Devi,danielvaidya@example.com,4293837606,Phagwara,2024-10-18 07:37:00
130,Abhiram Sur,bajajwaida@example.org,08560303259,Karimnagar,2024-10-31 01:39:00
131,Ekalinga Jha,anushachaudhry@example.org,00937434081,Noida,2024-02-11 13:42:00
132,Praneel Manda,patladhriti@example.com,08822715927,Gandhinagar,2024-10-25 18:33:00
133,Omaja Kaul,kabir56@example.com,+911612919956,Sri Ganganagar,2024-06-10 08:13:00
134,Aarna Nori,akshay23@example.org,05272557492,Bongaigaon,2024-12-08 22:20:00
135,Farhan Savant,widishadin@example.com,+916617235179,Rampur,2024-05-02 08:25:00
136,Nandini Bose,yshere@example.net,4214135814,Fatehpur,2024-03-08 21:41:00
137,Raghav Lanka,jyadav@example.net,01069186882,Sagar,2024-06-02 14:20:00
138,Udant Bajwa,kumarzilmil@example.org,01986022149,Srikakulam,2024-02-07 00:29:00
139,Janaki Jayaraman,ebarad@example.net,+910825399207,Satna,2024-11-14 18:06:00
140,Farhan Ganesan,benjamin82@example.org,00385782744,Nellore,2024-02-07 17:13:00
141,Abeer Hans,dalalfrado@example.net,+910440437508,Chinsurah,2024-09-16 08:08:00
142,Samuel Mammen,rayaan06@example.net,06280300555,Ahmednagar,2024-06-27 02:56:00
143,Nandini Ray,traval@example.net,3891670462,Tiruchirappalli,2024-05-05 11:18:00
144,Hemal Sheth,qadim67@example.com,00758409886,Kharagpur,2024-03-21 14:53:00
145,Karan Kibe,faris71@example.com,02279379520,Amroha,2024-10-05 22:19:00
146,Wriddhish Chowdhury,bahridamyanti@example.com,+918120307170,Tiruvottiyur,2024-11-09 20:33:00
147,Urishilla Shroff,nagiupasna@example.com,+918280200150,Narasaraopet,2024-01-05 21:52:00
148,Krish Dey,grewalpooja@example.com,5686278351,Kamarhati,2024-10-10 09:59:00
149,Ekavir Rana,harrisonnigam@example.org,+910592850394,Miryalaguda,2024-12-05 03:56:00
150,Jasmit Pillay,dorahamsini@example.net,04580191630,Jalgaon,2024-03-09 08:07:00
151,Manan Biswas,csani@example.com,09658215603,Mira-Bhayandar,2024-02-24 23:35:00
152,Indrajit Varughese,baghyawatiram@example.org,5716665228,Raebareli,2024-03-20 08:18:00
153,Gavin Kata,sainirachana@example.org,+911250096290,Agra,2024-11-05 06:45:00
154,Brinda Dixit,lohit50@example.com,07575985709,Junagadh,2024-06-24 06:43:00
155,Balveer Issac,lsarma@example.net,+919426780395,Tadepalligudem,2024-11-20 08:32:00
156,Kai Karan,ltoor@example.com,+913915642102,Amravati,2024-09-07 08:57:00
157,Vanya Naidu,owen88@example.com,00864538211,Jorhat,2024-01-27 02:40:00
158,Elijah Kakar,tanvi67@example.org,00721855738,Surendranagar Dudhrej,2024-08-04 08:02:00
159,Mekhala Varghese,cpadmanabhan@example.com,09384138906,Amroha,2024-01-02 10:49:00
160,Divya Shetty,logandora@example.net,+915623537444,Tiruchirappalli,2024-03-07 20:16:00
161,Bhavna Kadakia,vidhilad@example.com,0077913764,Ludhiana,2024-03-23 23:28:00
162,Faris Sood,msekhon@example.com,9991509401,Proddatur,2024-10-09 22:27:00
163,Rajeshri Mishra,sidhureyansh@example.com,06505312450,Maheshtala,2024-10-14 00:07:00
164,Pooja Mitter,jgade@example.net,+911557760170,Kumbakonam,2024-02-08 22:57:00
165,Jeremiah Chowdhury,aaravnagy@example.org,+914278778674,Sirsa,2024-03-17 17:02:00
166,Ekavir Baral,thamansamarth@example.net,6832889063,Sasaram,2024-07-08 18:35:00
167,Lopa Bala,daliaarunima@example.net,8292025210,Patiala,2024-03-16 13:08:00
168,Adweta Rege,bedireva@example.net,+911302975501,Katni,2024-01-22 09:23:00
169,Daksh Subramanian,udyatikota@example.org,+914623256125,Rourkela,2024-01-21 11:13:00
170,Chatura Bhasin,mallickpooja@example.com,8931619134,Patna,2024-12-15 07:42:00
171,Samarth Bal,bimala10@example.com,3895871727,Suryapet,2024-02-22 11:49:00
172,Yadavi Walia,dalbirsrinivasan@example.com,+918250071895,Noida,2024-10-13 13:39:00
173,Megha Pillai,ngulati@example.net,07344384103,Medininagar,2024-03-20 07:55:00
174,Sanya Pai,sraj@example.com,2548402431,Serampore,2024-03-24 05:56:00
175,Timothy Nazareth,varghesedakshesh@example.com,+913222506114,Kollam,2024-07-30 00:11:00
176,Madhav Munshi,yashodharavarghese@example.com,06530496311,Anand,2024-06-19 13:51:00
177,Luke Dani,falak99@example.org,+911473311167,Jhansi,2024-12-08 23:51:00
178,Avni Kumar,arunimagopal@example.org,+912507653807,Kumbakonam,2024-05-07 08:10:00
179,Omisha Dubey,vrishti18@example.org,0595336629,Loni,2024-12-25 03:24:00
180,Raghav Nayak,atiseth@example.org,3636572389,Tenali,2024-01-20 15:14:00
181,Turvi Chahal,naveenmisra@example.net,09876886353,Mehsana,2024-04-12 14:22:00
182,Abha Balasubramanian,pkannan@example.net,7183377741,Bathinda,2024-06-05 07:14:00
183,Akshay Nagi,hdixit@example.org,05510327414,Morbi,2024-01-13 21:12:00
184,Ekapad Kashyap,karan16@example.org,09429427978,Jamnagar,2024-07-23 10:17:00
185,Abha Saini,murtyharinakshi@example.com,6931677683,Srikakulam,2024-02-05 08:22:00
186,Yatan Bahri,oprabhu@example.org,3037298637,Kamarhati,2024-11-24 16:25:00
187,Naveen Mani,obalasubramanian@example.com,09688005729,Tadepalligudem,2024-12-13 17:21:00
188,Victor Baria,wahabpai@example.net,+910613783649,Bilaspur,2024-01-15 03:56:00
189,Yatin Desai,ihalder@example.org,09607896304,Muzaffarnagar,2024-05-13 05:37:00
190,Rachit Bhagat,gabrielkuruvilla@example.com,+915348578176,Raiganj,2024-05-15 01:06:00
191,Baljiwan Mahal,bediomisha@example.net,6750935316,Darbhanga,2024-11-01 13:22:00
192,Upasna Mukhopadhyay,faraj40@example.com,+917352872956,Danapur,2024-06-09 13:38:00
193,Gaurangi Thakur,mohanchanchal@example.com,07184668591,Junagadh,2024-09-18 03:24:00
194,Nandini Oommen,laban72@example.org,08815292883,Anantapur,2024-10-22 06:16:00
195,Faras Chakraborty,osetty@example.org,2293119468,Davanagere,2024-01-23 22:27:00
196,Xalak Tank,vanshaperi@example.net,+912548533815,Jalandhar,2024-01-01 16:59:00
197,Qushi Naik,darachakradev@example.org,+913107919846,Ramagundam,2024-10-02 21:46:00
198,Harini Peri,yashagarwal@example.com,07941649134,Khandwa,2024-12-09 06:23:00
199,Chakradev Gulati,zinal89@example.org,1583281021,Coimbatore,2024-08-08 02:42:00
200,Krishna Chawla,wakeetanazareth@example.net,00358624808,Bhiwani,2024-06-18 19:20:00
201,Theodore Kuruvilla,ebuch@example.com,+917378074907,Gopalpur,2024-12-05 03:46:00
202,Oeshi Goswami,gthakur@example.com,+919384886735,Junagadh,2024-06-02 16:19:00
203,Anay Yohannan,fkoshy@example.com,06805846105,Tumkur,2024-12-07 13:20:00
204,Hredhaan Prashad,oliver94@example.net,08759432590,Bhind,2024-07-25 22:18:00
205,Sathvik Saha,vsami@example.com,07380864099,Jorhat,2024-10-10 04:12:00
206,Pushti Chokshi,bhattijason@example.net,03140378478,Sultan Pur Majra,2024-08-03 21:24:00
207,Darpan Keer,bavajanani@example.com,9509904553,Ozhukarai,2024-12-12 23:57:00
208,Guneet Patla,charan57@example.com,7267856966,Kochi,2024-03-30 19:36:00
209,Darsh Bajwa,kagarwal@example.org,7624248158,Aurangabad,2024-06-03 12:35:00
210,Nidra Mani,isaac63@example.net,+910530783548,Bhagalpur,2024-01-01 09:18:00
211,Nakul Narasimhan,tsur@example.com,00495606849,Hospet,2024-04-17 13:50:00
212,Liam Memon,bordeekbal@example.com,9247664485,Sambalpur,2024-10-23 19:41:00
213,Tamanna Kala,golanirja@example.net,+912043018367,Kolhapur,2024-06-13 14:28:00
214,Vaishnavi Yogi,niharikajohal@example.org,+918087839680,Jaipur,2024-08-14 21:13:00
215,Ira Rout,kashvi04@example.com,2101278098,Siwan,2024-09-18 15:50:00
216,Dayita Kari,ykrish@example.org,0634162792,Munger,2024-03-27 21:05:00
217,Zansi Shukla,gagan02@example.net,03380205971,Panihati,2024-05-25 16:42:00
218,Qabil Palan,ichakrabarti@example.org,03512838347,Moradabad,2024-11-20 19:21:00
219,Mason Sarkar,farissibal@example.com,09656403858,Hubli–Dharwad,2024-02-17 07:43:00
220,Azad Kannan,elijah42@example.org,05515687616,Vadodara,2024-06-07 07:51:00
221,Girik Nori,pillayyatin@example.net,02535939538,Mangalore,2024-04-11 04:01:00
222,Noah Gandhi,bhattsathvik@example.com,0843378946,Giridih,2024-01-24 07:30:00
223,Xavier Om,hkar@example.org,+919853211923,Agartala,2024-11-08 02:29:00
224,Sachi Char,udyati04@example.org,+912480128591,Sri Ganganagar,2024-07-31 20:36:00
225,Anita Datta,bhatsamaksh@example.com,02874501130,Siwan,2024-04-09 22:44:00
226,Nandini Mital,yashodabobal@example.com,+917171020147,Nashik,2024-07-15 15:25:00
227,Victor Khosla,nidhi96@example.org,+918829587595,Ratlam,2024-05-04 04:41:00
228,Veda Bail,qadimkunda@example.net,+916346913535,Sultan Pur Majra,2024-12-18 00:57:00
229,Zarna Lal,sunderubika@example.net,7250396673,Phagwara,2024-02-24 13:14:00
230,Vasatika Prabhakar,simon29@example.org,+918570273759,Firozabad,2024-03-31 22:33:00
231,Tripti Doctor,chakradharbadal@example.com,+911465237828,Amaravati,2024-08-25 01:35:00
232,Anvi Kara,ldesai@example.org,2228251637,New Delhi,2024-05-07 03:29:00
233,Tanay Randhawa,emohanty@example.com,9179308982,Hindupur,2024-03-09 14:42:00
234,Nidra Narang,snagar@example.org,2167229401,Barasat,2024-09-28 17:38:00
235,Rajata Bera,shanoeshi@example.org,+913348522382,Berhampur,2024-06-11 14:39:00
236,Vedant Soni,chaudhuriwarinder@example.org,+919283100417,Jabalpur,2024-09-15 13:53:00
237,Yug Rastogi,ishaankonda@example.org,8619865241,Bhalswa Jahangir Pur,2024-10-07 14:57:00
238,Megha Barman,ridhi51@example.org,+913188499795,Mau,2024-03-22 23:55:00
239,Quincy Raghavan,uchad@example.org,0481079935,Sambalpur,2024-08-31 14:16:00
240,Yashoda Basu,mahika20@example.org,01552652535,Pune,2024-05-06 20:17:00
241,Yahvi Hayer,anya16@example.net,0582971090,Guntur,2024-09-23 15:40:00
242,Om Choudhry,ybala@example.com,5939717195,Morena,2024-05-02 08:28:00
243,Darsh Guha,jnarayan@example.org,+918658294166,Kolkata,2024-02-09 22:18:00
244,Yash Bali,logan42@example.com,+916000757518,Tinsukia,2024-04-30 08:21:00
245,Ronith Narang,narainpatrick@example.com,08302160132,Durgapur,2024-06-12 17:05:00
246,Ranveer Batra,gagarwal@example.net,8494078785,Coimbatore,2024-03-11 04:14:00
247,Tripti Bail,ikshita83@example.net,+911898062945,Sagar,2024-07-15 22:09:00
248,Chakradhar Rastogi,nilimabiswas@example.org,+918412810931,Loni,2024-12-27 06:04:00
249,Andrew Kamdar,atwalnicholas@example.net,01943098302,Proddatur,2024-07-31 13:21:00
250,Lopa Jain,smuni@example.com,+917600774817,Junagadh,2024-10-04 14:26:00
251,Anamika Menon,ramanijaya@example.net,08280646205,Pallavaram,2024-02-01 06:53:00
252,Jasmit Borah,supadhyay@example.net,08018299428,Kochi,2024-08-03 12:57:00
253,Zansi Krishnan,chandravrinda@example.org,9249171083,Pudukkottai,2024-10-26 22:01:00
254,Lakshit Devan,rvig@example.net,1930948027,Kolhapur,2024-10-21 12:30:00
255,Yasti Sood,samarthnarasimhan@example.com,01340319689,Jalna,2024-01-04 11:19:00
256,Bhanumati Dewan,meerathakkar@example.net,03959733293,Mehsana,2024-07-18 13:34:00
257,Madhavi Palan,usoman@example.org,4832119458,Karawal Nagar,2024-10-06 19:57:00
258,Indira Kumar,nvarma@example.org,07566590684,Parbhani,2024-04-22 15:14:00
259,Januja Korpal,omoza@example.com,02258993942,Shimla,2024-05-19 13:31:00
260,Omkaar Chana,triveni71@example.net,02396249099,Srikakulam,2024-01-15 12:21:00
261,Nitesh Raju,nandini40@example.net,9213325038,Jalandhar,2024-12-08 21:51:00
262,Bhavini Radhakrishnan,savantikbal@example.net,09066795964,Kalyan-Dombivli,2024-07-26 23:10:00
263,Yochana Butala,sarrafdarpan@example.org,06723207201,Mirzapur,2024-08-27 04:39:00
264,Anjali Acharya,wazir64@example.org,08200879517,Pimpri-Chinchwad,2024-09-30 00:58:00
265,Rachit Trivedi,amolkohli@example.com,3849452502,Pudukkottai,2024-07-20 18:36:00
266,Christopher Vasa,reyansh34@example.org,06356584602,Mumbai,2024-12-05 00:05:00
267,Dayita Iyengar,madhavmalhotra@example.com,01413390616,Bareilly,2024-11-25 13:08:00
268,Arjun Sood,farhan80@example.net,3623704989,Kulti,2024-08-24 05:03:00
269,Nirja Chowdhury,modyanirudh@example.org,8771687726,Kolhapur,2024-05-13 12:20:00
270,Forum Manne,januja81@example.com,01572138385,Karaikudi,2024-04-18 14:20:00
271,Vansha Sen,thamanpallavi@example.com,6692800196,Serampore,2024-06-21 12:17:00
272,Gautami Krishnan,zviswanathan@example.org,6015794371,Bihar Sharif,2024-08-03 08:53:00
273,Nandini Khalsa,duaoni@example.org,+911088918506,Kolkata,2024-02-11 15:01:00
274,Yatin Subramaniam,anirudh48@example.com,+917469295801,Satna,2024-10-03 01:22:00
275,Yutika Narayanan,ssaini@example.org,+910445915193,Sirsa,2024-04-24 20:04:00
276,Gavin Bansal,samakshgarde@example.com,+913653004002,Jalna,2024-11-29 01:48:00
277,Aashi Nazareth,ati85@example.org,+913504600561,Jehanabad,2024-01-16 07:12:00
278,Yauvani Rajagopalan,adixit@example.net,07180137288,Ozhukarai,2024-01-11 19:09:00
279,Jalsa Mitra,shahfiyaz@example.net,0116448316,Visakhapatnam,2024-05-02 04:30:00
280,Aarav Sagar,sathvikkamdar@example.org,4761973711,Ramgarh,2024-12-08 03:36:00
281,Vasatika Palla,duttkamala@example.net,02116593757,Tadipatri,2024-04-21 14:44:00
282,Upma Madan,xchana@example.net,5962759029,Karnal,2024-05-11 11:10:00
283,Arin Chaudhuri,udantchaudhuri@example.net,4482237409,Allahabad,2024-11-06 19:47:00
284,Rehaan Soman,viraj10@example.com,04809825096,Chennai,2024-02-28 05:19:00
285,Gayathri Pradhan,chaudharysamar@example.net,+915799752105,Machilipatnam,2024-02-25 18:01:00
286,Sathvik Konda,snehabhavsar@example.net,9164664201,Latur,2024-06-08 18:43:00
287,Omkaar Yogi,gsubramanian@example.com,+915749455702,Pallavaram,2024-07-11 12:45:00
288,Devika Prashad,lmannan@example.net,+915109371337,Serampore,2024-04-11 02:37:00
289,Yashodhara Bhalla,ychauhan@example.com,+913187406510,Deoghar,2024-12-19 20:15:00
290,Shivansh Nagar,xmutti@example.org,+912241768012,Ratlam,2024-02-22 22:49:00
291,Faris Date,dkeer@example.net,2389576653,Mysore,2024-06-03 21:38:00
292,Riya Gupta,cgokhale@example.com,01307426990,Bihar Sharif,2024-03-02 18:50:00
293,Saumya Ghosh,zayyan13@example.com,1528318008,Kottayam,2024-01-22 11:34:00
294,Ekaraj Bail,mseth@example.org,5320587262,Gopalpur,2024-08-07 21:23:00
295,Dhriti Patel,sai62@example.net,7051837783,Thiruvananthapuram,2024-02-05 16:41:00
296,Oviya Sama,vbedi@example.net,+919029717840,Hubli–Dharwad,2024-06-23 00:54:00
297,Neelima Maharaj,vpalla@example.org,02002783394,Jamshedpur,2024-08-03 15:06:00
298,Urvi Khare,vaishnavinatarajan@example.net,03126045788,Kulti,2024-08-09 11:40:00
299,Aarnav Wali,mukherjeeanya@example.net,+910784762323,Hospet,2024-08-23 22:09:00
300,Girik Bhagat,yashvikothari@example.net,+912329962610,Srinagar,2024-08-10 05:46:00
301,Elijah Jain,rishibava@example.net,04160493271,Indore,2024-09-24 20:17:00
302,Hitesh Brar,henry66@example.com,06578365773,Shimla,2024-11-11 17:49:00
303,Vedant Halder,aahana75@example.net,07252005306,Gopalpur,2024-09-04 14:27:00
304,Bakhshi Bose,amairaganguly@example.net,+911347246864,Siwan,2024-10-30 08:20:00
305,Eiravati Kar,srau@example.org,+915528134243,Erode,2024-05-05 02:17:00
306,Arjun Narula,tanish67@example.net,06987883272,Orai,2024-08-18 07:48:00
307,Aahana Cheema,ekaja14@example.net,06960219131,Begusarai,2024-08-25 18:39:00
308,Krisha Chana,kadekeya@example.net,9539608754,Lucknow,2024-12-08 12:21:00
309,Samar Sengupta,yasti48@example.org,+914965240387,Nangloi Jat,2024-01-15 15:54:00
310,Advaith Mistry,krishvinaya@example.net,02587894798,Jamalpur,2024-06-15 05:31:00
311,Saanvi Mann,palanyamini@example.net,+912390490618,Ranchi,2024-04-18 11:51:00
312,Vivaan Devan,pratyush30@example.net,9968237358,Bhubaneswar,2024-05-12 10:17:00
313,Girindra Edwin,lucky61@example.org,2938151246,Kumbakonam,2024-11-01 22:56:00
314,Jagvi Dara,owagle@example.org,8933521031,Karimnagar,2024-05-21 17:00:00
315,Jalsa Patil,charvi87@example.com,00408236446,New Delhi,2024-09-21 06:05:00
316,Divya Koshy,omajabhasin@example.org,+913826843549,Dehri,2024-05-03 23:26:00
317,Dhruv Sridhar,liam29@example.com,07721741830,Udaipur,2024-09-07 17:48:00
318,Siya Ganguly,xchada@example.com,8885633532,Nagaon,2024-05-03 22:30:00
319,Amara Gara,basakoni@example.com,+912758813024,Unnao,2024-11-26 22:31:00
320,Gabriel Dey,kchand@example.net,+914731990268,Mau,2024-08-17 00:05:00
321,Tarak Panchal,urviravel@example.com,09315477858,Berhampore,2024-05-30 07:25:00
322,Oviya Baria,pmadan@example.org,05014519136,Dibrugarh,2024-12-20 07:19:00
323,Onveer Magar,mallickpushti@example.com,5425043660,Giridih,2024-12-05 18:23:00
324,Simon Kashyap,ochakraborty@example.com,04360127159,Karnal,2024-08-30 17:33:00
325,Urishilla Madan,purisuhani@example.org,+917506412100,Jorhat,2024-06-25 13:47:00
326,Yatin Suri,umang26@example.org,9837173407,Haldia,2024-10-08 10:22:00
327,Advik Brar,bhagatekbal@example.com,08991911260,Bettiah,2024-12-25 14:17:00
328,Kabir Sibal,oliver39@example.org,+918067391717,Kadapa,2024-06-05 08:14:00
329,Noah Ghosh,akshay44@example.com,+911207324332,Patiala,2024-03-02 23:12:00
330,Baljiwan Kuruvilla,behldalaja@example.net,+912353899239,Jorhat,2024-06-10 03:47:00
331,Irya Kumar,jagat41@example.org,00685752108,Meerut,2024-10-01 22:11:00
332,Tamanna Chaudhary,kallachandresh@example.com,2407969731,Aizawl,2024-04-08 06:47:00
333,Qarin Sethi,veer45@example.com,07344357891,Howrah,2024-09-04 08:46:00
334,Jyoti Ranganathan,omkrishnamurthy@example.org,+912112144309,Buxar,2024-10-28 16:38:00
335,Ayushman Khare,naksh21@example.com,+913530229885,Avadi,2024-05-24 03:53:00
336,Qadim Baral,brana@example.com,+914009064743,Jamshedpur,2024-04-09 09:14:00
337,Tanvi Narula,ombala@example.com,06222921256,Agartala,2024-07-03 05:19:00
338,Netra Thakur,sureshekbal@example.org,5511075754,Kota,2024-01-08 22:34:00
339,Ekaraj Munshi,oeshi17@example.net,07121122315,Satna,2024-03-05 08:02:00
340,Tristan Nadig,henry87@example.org,06739086663,Proddatur,2024-01-28 17:18:00
341,Leena Andra,forum55@example.org,09838821103,Akola,2024-12-23 04:40:00
342,Yatin Majumdar,barkhayohannan@example.net,+911770640794,Hajipur,2024-09-08 03:55:00
343,Vedhika Kale,koshyparth@example.net,+917164113863,Berhampore,2024-01-07 18:18:00
344,Chaitanya Ganesan,warda94@example.com,+914627124875,Moradabad,2024-08-28 15:28:00
345,Irya Jha,bavadamini@example.com,01846514662,Mirzapur,2024-06-23 05:03:00
346,Anjali Bajaj,schand@example.com,+911104798683,Ozhukarai,2024-05-09 15:07:00
347,Dhriti Vyas,balmatthew@example.com,+917875519322,Bangalore,2024-02-03 12:31:00
348,Samar Kapoor,abhiramparikh@example.org,+919023956518,Bangalore,2024-02-07 18:40:00
349,Rayaan Varty,okarpe@example.com,9915793312,Kamarhati,2024-12-17 01:09:00
350,Aditya Mukhopadhyay,padmanabhananmol@example.com,+915029549276,Rajahmundry,2024-03-17 18:19:00
351,Tanveer Kurian,kotajacob@example.org,+917373252747,Panipat,2024-02-13 07:07:00
352,Pooja Iyengar,sbasak@example.net,04995952270,Ozhukarai,2024-10-12 13:38:00
353,Shravya Chatterjee,avarkey@example.org,08072824190,Panchkula,2024-11-01 19:14:00
354,Samaksh Kale,manderdarsh@example.net,+911372753453,Bhubaneswar,2024-09-24 12:28:00
355,Gautami Bhasin,zacharianisha@example.net,+910906820570,Thanjavur,2024-08-14 09:55:00
356,Ridhi Bansal,eshana62@example.net,+910013044390,Bilaspur,2024-10-28 13:19:00
357,Warhi Mall,deshpandefaris@example.com,05967785061,Buxar,2024-10-18 19:03:00
358,Quincy Kara,paggarwal@example.com,6514763365,Nagpur,2024-11-08 23:06:00
359,Mahika Tailor,raghavanabha@example.org,1049786618,Kottayam,2024-04-16 20:13:00
360,Wishi Salvi,thomasacharya@example.com,+916378914536,Karaikudi,2024-05-15 21:05:00
361,Abeer Issac,dayitashah@example.net,04905050667,Unnao,2024-03-21 07:11:00
362,Priya Dua,qgarde@example.org,04842618765,Miryalaguda,2024-10-09 02:10:00
363,Abdul Wagle,hpatil@example.net,6146949180,Sangli-Miraj & Kupwad,2024-01-02 13:28:00
364,Upma Rama,neel75@example.net,7723396522,Gandhidham,2024-12-18 19:30:00
365,Harrison Srinivasan,surchaitaly@example.org,08700331181,Pimpri-Chinchwad,2024-05-29 01:14:00
366,Adya Chandran,wkala@example.net,08964895496,Thoothukudi,2024-05-27 22:18:00
367,Kalpit Lal,warjashanda@example.com,04076088052,Gulbarga,2024-12-25 14:04:00
368,Vrishti Sachdeva,matthewmannan@example.com,4510114021,Raipur,2024-12-17 07:59:00
369,Vedant Memon,naurora@example.org,02315887173,Chennai,2024-05-15 20:37:00
370,Indali Date,adevan@example.com,+915106027752,Chapra,2024-12-04 06:27:00
371,Jalsa Raghavan,pranav04@example.org,+911947019025,Navi Mumbai,2024-02-28 17:14:00
372,Jonathan Dugar,nisha90@example.org,+916487266668,Jamnagar,2024-11-27 04:58:00
373,Qushi Bhatt,ramachandranjanaki@example.com,+913703677800,Ghaziabad,2024-05-16 04:04:00
374,Januja Buch,aachal75@example.net,00762705401,Dhule,2024-01-31 05:50:00
375,Devika Sanghvi,yashvi05@example.com,2376918683,Ramgarh,2024-06-06 19:47:00
376,Rishi Vala,vivaan11@example.net,8306203613,Pune,2024-10-18 09:28:00
377,Balendra Parsa,vinaya63@example.com,+919497033144,Katihar,2024-03-04 14:44:00
378,Rajeshri Sur,abhimanyu89@example.net,3348414262,Pali,2024-06-04 22:25:00
379,Teerth Johal,paiqasim@example.net,2253780561,Dibrugarh,2024-05-19 16:34:00
380,Kamala Baral,banjeet76@example.net,0806196572,Pune,2024-09-09 14:05:00
381,Rohan Bala,ekarajshenoy@example.org,+917113927051,Tinsukia,2024-11-02 01:56:00
382,Aarini Bawa,vincent74@example.org,04200708199,Kumbakonam,2024-08-09 23:20:00
383,Aarini Bhargava,qbaria@example.net,+915898631637,Tenali,2024-11-05 08:01:00
384,Yatin Prasad,satwal@example.com,05137675382,Jhansi,2024-02-16 07:43:00
385,Charles Jani,george66@example.net,4632048632,Jammu,2024-10-21 18:01:00
386,Arin Rattan,singhkashish@example.net,7528403714,Nangloi Jat,2024-12-10 08:36:00
387,Nitara Andra,diya72@example.org,8866375526,Burhanpur,2024-01-21 05:30:00
388,Ojas Hayer,xmitter@example.com,7140720577,Jalandhar,2024-09-22 20:28:00
389,Tejas Prabhakar,opalla@example.net,08615104387,Anantapur,2024-05-22 05:37:00
390,Saanvi Varughese,jsangha@example.net,+910676077137,Alappuzha,2024-08-11 20:52:00
391,Joshua Kata,fanand@example.org,+914572974215,Nellore,2024-09-08 02:30:00
392,Ranbir Bera,kondayutika@example.com,+916946356449,Jamalpur,2024-06-27 13:21:00
393,Triveni Om,issacnaveen@example.org,+911899667841,Anand,2024-06-13 21:06:00
394,Vinaya Khanna,kondavyanjana@example.com,+917383638688,South Dumdum,2024-03-23 10:26:00
395,Ayushman Ganesan,mborde@example.com,+913753050257,Raiganj,2024-12-21 15:18:00
396,Mekhala Sehgal,devika34@example.com,+910141852955,Tenali,2024-12-05 12:52:00
397,Qushi Thaman,triptikarnik@example.com,7968257676,Rohtak,2024-10-08 01:29:00
398,Reyansh Merchant,mnarula@example.org,08852334888,Kirari Suleman Nagar,2024-02-15 10:16:00
399,Vedant Raghavan,chauhanazad@example.net,01517007061,Dhule,2024-06-14 03:49:00
400,Oni Golla,rehaan07@example.net,2039272167,Bettiah,2024-07-25 16:52:00
401,Harrison Naidu,darpanbath@example.com,9569496437,Pune,2024-01-01 21:55:00
402,Rehaan Ganesan,kamyashan@example.org,7904995285,Rajkot,2024-10-04 14:26:00
403,Mahika Kapur,manbircherian@example.net,08969187029,Noida,2024-01-28 06:33:00
404,Rachana Tiwari,onveerverma@example.net,+918491256077,Gorakhpur,2024-07-04 19:48:00
405,Matthew Bakshi,kevin62@example.com,09412869117,Muzaffarpur,2024-09-12 20:28:00
406,Lila Venkatesh,balvandhar@example.org,00462420583,Secunderabad,2024-01-27 06:17:00
407,Harsh Modi,ssoni@example.org,+917452109108,Bulandshahr,2024-10-08 04:59:00
408,Maya Manda,zashilbrar@example.org,9799357936,Kumbakonam,2024-05-27 14:56:00
409,Radhika Shah,chakrabortytanmayi@example.com,0253864854,Firozabad,2024-12-23 15:07:00
410,Shaurya Bahl,sdhar@example.net,07219979061,Anantapuram,2024-01-15 20:38:00
411,Daniel Jani,edhitha56@example.net,2076719009,Erode,2024-05-02 22:10:00
412,Oliver Comar,vamakshi88@example.org,+916835382950,Amaravati,2024-06-08 17:00:00
413,Leela Gupta,gaurang49@example.net,01143829587,Chapra,2024-10-09 13:05:00
414,Krishna Nath,laksh64@example.org,+918208811347,Tiruvottiyur,2024-04-25 03:29:00
415,Parth Madan,dugalyasti@example.org,+912303409154,Kadapa,2024-03-01 20:53:00
416,Irya Sarkar,raghavanaadi@example.org,01293103403,Anantapuram,2024-03-19 15:59:00
417,Keya Chawla,sathvik24@example.com,2086858751,Singrauli,2024-05-29 16:45:00
418,Falguni Prabhakar,tarachandran@example.com,+918607625611,Sultan Pur Majra,2024-05-19 13:53:00
419,Arunima Gupta,mbrahmbhatt@example.net,+917816425911,Durgapur,2024-09-04 15:15:00
420,Amaira Prakash,yadavidhar@example.org,09305751716,Eluru,2024-08-21 17:09:00
421,Azaan Bal,naikchavvi@example.com,+918689227966,Jaunpur,2024-07-15 06:58:00
422,Yatan Tella,jnarayanan@example.com,04031919067,Suryapet,2024-11-02 16:47:00
423,Faras Murty,egokhale@example.com,3815430805,Pali,2024-03-10 02:17:00
424,Janya Manda,hemanginirajagopal@example.org,+919934896257,Burhanpur,2024-07-31 10:59:00
425,Yutika Ramesh,jonathan60@example.com,0537891068,Danapur,2024-09-16 08:52:00
426,Lila Thakkar,sagrawal@example.org,01467955395,Jamnagar,2024-01-02 09:46:00
427,Upma Bawa,yutikabutala@example.net,5256766696,Gangtok,2024-06-01 18:37:00
428,Noah Wali,jhalak83@example.net,06918550512,Mahbubnagar,2024-12-03 15:55:00
429,Kalpit Natt,qarin75@example.com,3675082323,Katihar,2024-03-17 14:34:00
430,Patrick Divan,kamala57@example.net,+913900781894,Mira-Bhayandar,2024-09-04 11:21:00
431,Om Mani,balveerswaminathan@example.net,9889433249,Gwalior,2024-10-09 17:24:00
432,Bhavini Chaudhry,mandhenry@example.com,06276234254,Lucknow,2024-08-21 10:55:00
433,Siya Lanka,ybajaj@example.net,3941442140,Mango,2024-04-06 22:15:00
434,Adweta Pall,bkumer@example.com,03956525584,Udaipur,2024-10-19 12:14:00
435,Veda Modi,latamitali@example.org,2998620725,Siliguri,2024-07-29 01:20:00
436,Rachita Pradhan,dloke@example.com,7196579694,Kochi,2024-08-30 22:58:00
437,Anusha Goel,deoyashawini@example.com,5674532366,Motihari,2024-07-14 12:42:00
438,Jeevika Agrawal,janyavala@example.org,05825009880,Aurangabad,2024-11-29 04:31:00
439,Watika Krishnan,mason81@example.net,4154224097,Kamarhati,2024-01-19 04:32:00
440,Ishita Pradhan,jagratisampath@example.org,00008817855,Satna,2024-10-29 10:55:00
441,Ishaan Mani,hemani31@example.com,00612811081,Amaravati,2024-02-21 14:06:00
442,Indali Dugar,amol66@example.net,+917716672984,Alappuzha,2024-09-26 14:00:00
443,Maanav Rana,vasudha13@example.net,4457051741,Mehsana,2024-03-14 13:55:00
444,Yashica Jhaveri,falak44@example.com,1083211837,Muzaffarnagar,2024-12-01 04:04:00
445,Brinda Koshy,praneel66@example.com,+912849485030,Kakinada,2024-08-28 08:21:00
446,Aarini Soman,upadhriti22@example.net,+917356511711,Kochi,2024-11-15 22:25:00
447,Vanya Halder,arunimabhatia@example.org,+912130624633,Satara,2024-11-28 02:54:00
448,Zehaan Malhotra,ychhabra@example.com,+917822757385,Udaipur,2024-06-17 21:54:00
449,Hritik Samra,lavanya04@example.net,+917529073997,Nagpur,2024-09-30 12:20:00
450,Nakul Parsa,ekbalrai@example.org,+914383433107,Ghaziabad,2024-11-16 22:56:00
451,Fiyaz Bhattacharyya,nadigfiyaz@example.net,04495534727,Bhiwandi,2024-09-06 17:02:00
452,Champak Nagi,mistrysanaya@example.net,+916983208837,Mehsana,2024-11-12 02:15:00
453,Aarna Sha,rushil54@example.com,00611110450,Udupi,2024-11-19 21:58:00
454,Shivani Kota,zbobal@example.org,+919315462838,Udaipur,2024-05-27 07:47:00
455,Azad Pall,ekajasen@example.net,03849967077,Nandyal,2024-02-16 13:06:00
456,Widisha Sani,chandresh68@example.com,+916274739415,Bellary,2024-11-20 22:55:00
457,Wridesh Thakur,bbahri@example.net,+910238088808,Gwalior,2024-02-21 14:10:00
458,Upkaar Dhar,george03@example.com,09902928531,Bareilly,2024-12-21 09:57:00
459,Chavvi Ratta,xsetty@example.com,05520340582,Raiganj,2024-01-15 01:20:00
460,Darpan Gera,waglemadhav@example.net,6308084922,Rajkot,2024-01-29 09:22:00
461,Arjun Kuruvilla,narora@example.com,+911107310726,Mira-Bhayandar,2024-07-10 13:09:00
462,Nitara Chauhan,vedantagarwal@example.com,6777153324,Sagar,2024-05-05 16:26:00
463,Devansh Gopal,kai90@example.org,6585369088,Sri Ganganagar,2024-10-16 21:50:00
464,Darsh Nagarajan,mitterzashil@example.com,+912766326020,Sultan Pur Majra,2024-04-02 05:11:00
465,Hredhaan Madan,mitrayash@example.net,04597197896,Ghaziabad,2024-02-10 19:55:00
466,Warinder Comar,vamakshi95@example.com,+911532425662,Raiganj,2024-07-14 19:43:00
467,Bhavika Walia,prishasibal@example.org,1862365048,Panchkula,2024-05-03 15:58:00
468,Bhavika Din,ijaya22@example.org,0053354209,Bokaro,2024-10-25 04:14:00
469,Henry Banerjee,narangvrishti@example.com,+912715612065,Erode,2024-08-24 20:16:00
470,Isaiah Chaudhari,omya81@example.com,02070508723,Unnao,2024-08-23 08:42:00
471,Omya Bhasin,vedhika33@example.org,+915904477550,Bangalore,2024-01-05 14:57:00
472,Krishna Mall,tprasad@example.com,05370340087,Coimbatore,2024-05-27 21:34:00
473,Ishanvi Naik,oeshigarg@example.org,8857408202,Bhimavaram,2024-03-21 02:28:00
474,Fariq Sankar,bkashyap@example.com,3202120075,Danapur,2024-06-25 18:19:00
475,Sarthak Chand,hamsinichoudhary@example.net,02756119550,Gurgaon,2024-11-23 13:44:00
476,Vedhika Chandran,hiralnaidu@example.net,+915934451079,Jammu,2024-05-08 14:54:00
477,Hemangini Sarna,nihal67@example.org,7053553834,Bhind,2024-06-03 06:24:00
478,Falguni Sachdeva,chandralavanya@example.com,06067949415,Loni,2024-09-04 03:15:00
479,Lavanya Shetty,adin@example.net,05513689138,Anantapur,2024-07-14 18:22:00
480,Yashvi Virk,omaja81@example.net,6887151548,Muzaffarnagar,2024-10-21 09:44:00
481,Gaurangi Sundaram,mchhabra@example.com,+913739028494,Indore,2024-05-31 00:53:00
482,Rishi Narula,pshroff@example.org,9912210919,Mangalore,2024-12-03 12:17:00
483,Nathaniel Rout,pdas@example.org,+918023276402,Yamunanagar,2024-01-05 18:55:00
484,Matthew Korpal,dipta86@example.org,07170514407,Bihar Sharif,2024-12-17 23:03:00
485,Qasim Gole,isaacmaharaj@example.com,09015884826,Kalyan-Dombivli,2024-11-06 23:31:00
486,Champak Nigam,prashadamruta@example.com,+916061275481,Ballia,2024-05-26 07:38:00
487,Finn Mammen,riyapalla@example.com,+911997675799,Aurangabad,2024-06-29 07:40:00
488,Balvan Banik,nirjamunshi@example.org,+911522630473,Thoothukudi,2024-04-07 19:16:00
489,Shravya Doctor,dmandal@example.com,+912616251382,Ranchi,2024-12-13 23:49:00
490,Ishani Suresh,vanyamukherjee@example.net,+915812486457,Dharmavaram,2024-12-03 21:53:00
491,Gunbir Gokhale,yuvraj25@example.org,+910924619194,Shimla,2024-03-11 20:06:00
492,Logan Sandal,xavier10@example.net,+919369457501,Kolhapur,2024-11-17 20:02:00
493,Idika Sastry,sarrafdeepa@example.org,+919422336020,Etawah,2024-06-07 14:02:00
494,Vasudha Gopal,tristanhayre@example.org,00498868776,Salem,2024-10-23 11:46:00
495,Ekaraj Raja,advik52@example.org,3528896744,Solapur,2024-03-08 02:58:00
496,Vincent Acharya,sagarrohan@example.com,+915859151903,Dhule,2024-05-31 10:47:00
497,Ekta Narayanan,gdayal@example.net,+911766149166,Sikar,2024-07-31 05:12:00
498,Veda Choudhry,anvi41@example.net,5049524087,Bhusawal,2024-03-08 17:56:00
499,Brinda Sura,ctata@example.org,4663037793,Sonipat,2024-07-06 16:32:00
500,Abhimanyu Ramesh,duttdayita@example.net,+913447284464,Bhiwandi,2024-05-19 05:16:00
501,Yashvi Sabharwal,wsarraf@example.com,09205118614,Bilaspur,2024-09-03 09:47:00
502,Megha Venkataraman,bakhshi10@example.org,09428989430,Junagadh,2024-06-22 03:29:00
503,Maanav Thakkar,edwindaniel@example.com,6785253060,Chapra,2024-02-08 04:48:00
504,Yug Raju,jairaj78@example.com,2111726034,Uluberia,2024-04-25 21:46:00
505,Harsh Bansal,zachariahshaurya@example.net,+914317167376,Naihati,2024-12-11 12:54:00
506,Ikbal Vohra,uchowdhury@example.net,+918467375036,Firozabad,2024-10-12 11:05:00
507,Tanish Ram,vyanjanagala@example.net,+913832362316,Ahmednagar,2024-07-21 00:16:00
508,Diya Walia,kohlikavya@example.org,3725134718,Pune,2024-10-01 03:29:00
509,Frederick Majumdar,chandani63@example.com,06862835689,Hyderabad,2024-07-07 21:47:00
510,Lila Naidu,asolanki@example.org,+910847342515,Pudukkottai,2024-12-10 08:37:00
511,Kalpit Bakshi,nbadal@example.net,02178342633,Aurangabad,2024-07-14 20:23:00
512,Bishakha Srinivasan,kevinvyas@example.com,3243762925,Udupi,2024-02-25 21:14:00
513,Yatan Palla,kundaisaiah@example.com,6724486625,Phagwara,2024-08-29 00:39:00
514,Siddharth Ramachandran,daminichaudhari@example.com,2450105684,Dhule,2024-10-14 10:58:00
515,Joshua Iyengar,rayaanoza@example.net,02333414667,Malda,2024-11-08 07:41:00
516,Ikshita Sachdeva,panchalrudra@example.com,01714091137,Hospet,2024-02-02 20:52:00
517,Aarav Varkey,lucky57@example.net,8327618879,Kulti,2024-08-25 22:19:00
518,Dipta Mital,asarin@example.net,+911479044092,Ozhukarai,2024-11-28 13:07:00
519,Abha Golla,qasimsengupta@example.org,7563221860,Ongole,2024-03-12 01:02:00
520,Jhalak Pant,ovaidya@example.net,06174524857,Adoni,2024-06-04 15:07:00
521,Vrishti Kothari,tarya@example.net,5989358625,Kanpur,2024-02-19 07:56:00
522,Yagnesh Ben,sharmasamuel@example.net,06211541456,Farrukhabad,2024-10-02 04:24:00
523,Ikshita Saini,omajabanik@example.org,3108402874,Hyderabad,2024-08-20 11:42:00
524,Daniel Kata,nandinisinha@example.com,09508760702,Phagwara,2024-12-22 17:26:00
525,Ekta Batra,ukulkarni@example.net,7018122096,Kumbakonam,2024-10-27 23:46:00
526,Prisha Reddy,aarinihora@example.org,4260548353,Purnia,2024-03-20 13:41:00
527,Yachana Suresh,yugbedi@example.net,4787175039,Burhanpur,2024-02-20 15:39:00
528,Gaurika Peri,guhahitesh@example.net,2235366375,Tezpur,2024-07-27 08:02:00
529,Arjun Char,bchakrabarti@example.net,+911988446143,Miryalaguda,2024-12-19 11:13:00
530,Matthew Kota,janiekiya@example.org,04587880299,Agartala,2024-08-15 14:15:00
531,Balhaar Naidu,iyengaryashasvi@example.org,+914409675531,Vellore,2024-07-04 03:43:00
532,Chaman Suresh,devkumar@example.com,+910061822346,Rewa,2024-07-07 17:57:00
533,Peter Virk,osuri@example.org,+917743781039,Anantapur,2024-11-26 11:03:00
534,Gaurangi Chaudhry,koshykritika@example.org,1662668308,Bhagalpur,2024-07-22 08:12:00
535,Meghana Brahmbhatt,vrishti36@example.org,08148923023,Burhanpur,2024-03-03 14:05:00
536,Bishakha Sachdeva,upkaar91@example.org,+913749469586,Vadodara,2024-12-05 06:41:00
537,Reyansh Lanka,mpillay@example.com,+919024619720,Gangtok,2024-11-23 19:01:00
538,Mahika Talwar,korpalmichael@example.com,07346842370,Bhavnagar,2024-01-26 10:15:00
539,Dominic Gour,revakohli@example.com,07928573644,Khammam,2024-03-05 18:13:00
540,Atharv Hayer,gavin85@example.org,01704915400,Chapra,2024-02-05 17:13:00
541,Aadhya Pandit,rastogiishanvi@example.org,02974182304,Madanapalle,2024-10-27 06:52:00
542,Frado Sama,rbhatnagar@example.org,+916306622075,Mehsana,2024-04-29 10:49:00
543,Eshana Choudhury,widisha40@example.org,+918483290691,Ludhiana,2024-03-16 19:00:00
544,Hamsini Walla,patelsaumya@example.org,7780910280,Nadiad,2024-05-21 04:08:00
545,William Magar,bordejack@example.com,+916630987069,Hajipur,2024-10-03 08:51:00
546,Lavanya Murthy,deoupadhriti@example.com,03244407640,Bettiah,2024-03-30 03:42:00
547,Rajata Loke,bansalanika@example.org,05183819666,Kolkata,2024-01-14 04:00:00
548,Tanvi Keer,yashoda50@example.net,1818260960,Guwahati,2024-07-02 07:37:00
549,Anthony Gour,morarronith@example.net,9321385496,Anantapur,2024-06-14 00:11:00
550,Alka Kumar,kashish98@example.net,0650543314,Nashik,2024-05-15 01:08:00
551,Chakradev Gandhi,baghyawati12@example.org,0088146309,Guwahati,2024-08-03 16:07:00
552,Bimala Majumdar,priya33@example.com,9629052647,Kalyan-Dombivli,2024-02-02 15:28:00
553,Darsh Jha,ojasjha@example.net,+914741398889,Bidar,2024-07-04 16:37:00
554,Tanveer Chhabra,otella@example.org,1826957426,Vadodara,2024-02-25 14:32:00
555,Jagrati Bala,khalsajhalak@example.org,02121924532,Chandrapur,2024-04-23 19:02:00
556,Faqid Tank,jeevikahayre@example.net,5647673141,Pudukkottai,2024-12-03 16:19:00
557,Avi Mandal,oni49@example.net,08786651782,Gandhinagar,2024-08-22 20:01:00
558,Kritika Chanda,anthonyshroff@example.com,09597072835,Pali,2024-02-01 15:54:00
559,Falan Iyer,ikshita30@example.com,7650146202,Karawal Nagar,2024-07-24 13:43:00
560,Edhitha Sahni,esarma@example.org,5333896892,Navi Mumbai,2024-02-25 15:45:00
561,Wahab Rajagopal,bajwasarthak@example.com,01603349889,Davanagere,2024-08-15 02:57:00
562,Lucky Seshadri,mannfrederick@example.net,09821219676,Bokaro,2024-02-11 10:38:00
563,Ranbir Ramanathan,hchokshi@example.org,7600654993,Mumbai,2024-03-16 02:08:00
564,Eiravati Shankar,harinakshijhaveri@example.com,3204718107,Karaikudi,2024-05-20 19:40:00
565,Gayathri Deshmukh,lalasuhani@example.com,+911011341681,Orai,2024-10-26 17:45:00
566,Joshua Ray,loparamaswamy@example.org,7741381724,Delhi,2024-06-15 12:38:00
567,Arjun Randhawa,david11@example.net,+916031139972,Fatehpur,2024-09-28 09:29:00
568,Yashasvi Patil,sachi44@example.org,09977510185,Lucknow,2024-09-15 19:27:00
569,Imaran Parikh,aishani02@example.org,+911092881197,Latur,2024-02-20 22:07:00
570,Hardik Bobal,radhikavarughese@example.net,6649773297,Sangli-Miraj & Kupwad,2024-12-01 20:56:00
571,Jalsa Dash,chakrabortyfrado@example.net,+917727604642,Rajkot,2024-10-09 23:55:00
572,Manthan Dani,charles90@example.org,+914367457858,Bhatpara,2024-04-20 13:28:00
573,Darsh Bedi,bakhshigera@example.org,07975012695,Ambarnath,2024-04-26 13:21:00
574,Faras Sankar,saniyoshita@example.net,9800379790,Bhiwani,2024-08-20 12:26:00
575,Anamika Vora,timothy72@example.net,4491027398,Allahabad,2024-02-18 10:27:00
576,Libni Devan,dalaldamyanti@example.net,06009596071,Kishanganj,2024-06-09 21:16:00
577,Henry Mohanty,vsaini@example.net,+912656819381,Dhule,2024-07-10 04:43:00
578,Siddharth Krishnan,jeet25@example.com,+917775490445,Vasai-Virar,2024-08-30 02:05:00
579,Ijaya Sachdeva,amara18@example.net,+910512262328,Nadiad,2024-02-13 02:27:00
580,Aryan Bhavsar,ipurohit@example.com,+918066797127,Raurkela Industrial Township,2024-02-19 23:47:00
581,Maanav Dasgupta,hsinghal@example.org,05038518713,Kishanganj,2024-07-09 04:35:00
582,Frado Master,lakshsami@example.net,00275582295,Karnal,2024-01-31 18:35:00
583,Dev Khosla,kamya47@example.net,00532576293,Tinsukia,2024-10-14 10:42:00
584,Maya Bobal,zchokshi@example.org,08585500709,Katni,2024-03-03 13:22:00
585,Tarak Sahni,yashoda06@example.net,08638844479,Phusro,2024-12-06 13:55:00
586,Rajeshri Batta,qparmar@example.org,+912111886607,Akola,2024-01-27 09:38:00
587,Harinakshi Borra,manthankannan@example.com,9083181043,Gaya,2024-06-08 11:06:00
588,Kamya Ghose,amol15@example.com,02547731591,Chapra,2024-10-22 16:13:00
589,Vyanjana Parekh,yshankar@example.org,07648665781,Silchar,2024-03-20 21:30:00
590,Mekhala Padmanabhan,munshiishwar@example.com,08830382187,Hindupur,2024-04-24 03:22:00
591,Wazir Din,bhallalakshmi@example.net,03848163138,Tenali,2024-10-11 11:07:00
592,Oni Muni,ridhiatwal@example.com,+915614061993,Jalgaon,2024-05-22 18:14:00
593,Balveer Issac,oni68@example.net,2497673218,Karaikudi,2024-08-07 17:49:00
594,Patrick Om,jbava@example.com,07641283903,Khora ,2024-11-14 19:43:00
595,Ekaja Kota,pallchanchal@example.net,02496413337,Uluberia,2024-11-25 17:01:00
596,Jhalak Mand,nairthomas@example.com,+917152030832,Khammam,2024-11-07 21:53:00
597,Yuvraj Chhabra,pgala@example.org,2140535804,Kharagpur,2024-12-21 08:01:00
598,Praneel Mukhopadhyay,yatan44@example.com,+911133846763,Vasai-Virar,2024-04-02 08:44:00
599,Agastya Mistry,dvarma@example.net,+918375837096,Malda,2024-06-07 10:22:00
600,Dalaja Mandal,nirja59@example.org,9220010450,Chennai,2024-01-04 05:55:00
601,Yadavi Mane,baralsamesh@example.net,+913223607189,Chennai,2024-03-14 18:42:00
602,Falan Bala,vasana20@example.net,+913384229005,Ajmer,2024-07-24 02:09:00
603,Kritika Karan,vincentborra@example.org,08629323622,Agartala,2024-11-20 00:05:00
604,Nachiket Shanker,madancharvi@example.org,06220284510,Kavali,2024-09-28 06:24:00
605,Triveni Varty,nidhichowdhury@example.com,07791987057,Muzaffarpur,2024-08-02 14:21:00
606,Zilmil Rai,brajagopalan@example.com,+913054847103,Faridabad,2024-03-21 11:19:00
607,Jatin Nagarajan,unni44@example.com,01846135744,Siwan,2024-06-15 18:38:00
608,Rajeshri Baral,badamiaarush@example.org,+914780788527,Asansol,2024-02-13 01:09:00
609,Ekantika Hayre,alexander36@example.net,09060697210,Mira-Bhayandar,2024-03-21 19:03:00
610,Rehaan Sarraf,chaturaswamy@example.org,06784139318,Hubli–Dharwad,2024-12-11 02:17:00
611,Samesh Zachariah,yashnatarajan@example.org,0337713040,Tiruvottiyur,2024-08-14 21:27:00
612,Girik Kuruvilla,chanchalraman@example.net,02856077075,Guntur,2024-09-05 19:28:00
613,Wakeeta Prabhakar,indira85@example.org,+918532655034,Mira-Bhayandar,2024-07-31 08:13:00
614,Divya Sabharwal,madhav45@example.net,+915422629855,Bhiwani,2024-09-19 03:22:00
615,Andrew Pathak,hpurohit@example.org,00703202555,Shimla,2024-08-08 03:18:00
616,Qarin Deshmukh,balveerkata@example.net,+911667429037,Singrauli,2024-12-13 21:37:00
617,Abha Chokshi,lekhatiwari@example.org,09996291560,Ichalkaranji,2024-09-06 16:42:00
618,Yasti Bandi,wriddhishkorpal@example.org,6807568797,Haldia,2024-06-06 01:14:00
619,Janaki Dhawan,cshroff@example.org,06005905058,Nagpur,2024-07-21 19:03:00
620,Sai Ahuja,urmi37@example.org,+919292958742,Vadodara,2024-01-04 06:19:00
621,Watika Srinivasan,chatresh23@example.net,+919262651711,Machilipatnam,2024-04-18 04:48:00
622,Tara Bahri,varugheseayaan@example.net,07724493594,Raipur,2024-05-10 09:20:00
623,Saumya Chaudhry,achandra@example.org,+911344440161,Warangal,2024-03-02 00:31:00
624,Krishna Rao,sachdevayoshita@example.org,08219791783,Berhampur,2024-08-08 05:08:00
625,Chaman Shan,saumya17@example.org,+913368276093,Kakinada,2024-07-13 17:45:00
626,Gavin Srinivasan,taraksunder@example.org,+914474023509,Dehradun,2024-04-27 16:35:00
627,Om Divan,zsidhu@example.com,+916995671404,Dindigul,2024-12-08 11:04:00
628,Urvi Issac,vigwarjas@example.net,+916283726927,Thrissur,2024-07-22 23:02:00
629,Jackson Choudhury,chaudharydhriti@example.net,+913329030913,Pimpri-Chinchwad,2024-08-11 00:29:00
630,Jack Patil,bishakhamani@example.org,8978087522,Erode,2024-02-09 10:36:00
631,Vihaan Mandal,odikaviswanathan@example.com,06988479751,Jabalpur,2024-08-07 18:25:00
632,Triya Bajwa,gargfaqid@example.net,5382662477,Anantapuram,2024-12-29 20:26:00
633,Ayush Kaur,toorwishi@example.net,00521914988,Anantapuram,2024-05-28 03:25:00
634,Kala Ramesh,cgola@example.org,04041734663,Agartala,2024-01-11 10:10:00
635,Ekaja Ganesan,devika24@example.org,+914968898163,Tiruvottiyur,2024-11-12 14:53:00
636,Zaitra Goel,balanayush@example.com,6864115624,Arrah,2024-12-19 11:05:00
637,Caleb Bandi,ygokhale@example.net,6531505948,Nadiad,2024-08-11 03:15:00
638,Harrison Radhakrishnan,gargoviya@example.com,3317967326,Panipat,2024-08-11 18:25:00
639,Edhitha Uppal,duttaomisha@example.com,+914565925983,Ballia,2024-09-25 02:25:00
640,Chatura Rama,kgopal@example.com,+914679374213,Bareilly,2024-06-07 23:21:00
641,Mitali Mandal,reyanshgera@example.net,05579872173,Bidar,2024-04-23 10:49:00
642,Upasna Sabharwal,vinayasura@example.com,+910435774980,Motihari,2024-03-27 02:32:00
643,Nicholas Khosla,vasudha96@example.net,+918536639459,Nangloi Jat,2024-11-20 03:33:00
644,Finn Mani,gshankar@example.net,02226231004,Jhansi,2024-09-18 06:57:00
645,Yochana Sekhon,kashyapharinakshi@example.com,4132716396,Meerut,2024-06-27 11:46:00
646,Advika Sinha,jainorinder@example.org,+919986683671,Rajpur Sonarpur,2024-11-26 04:15:00
647,Gavin Parmer,raiwakeeta@example.com,+916239137161,Bhilai,2024-02-22 04:16:00
648,Yauvani Mohanty,ravihenry@example.org,8826433731,Vellore,2024-04-11 05:38:00
649,Girik Borra,lilagoyal@example.com,+916023354749,Allahabad,2024-03-19 20:04:00
650,Luke D’Alia,issacdhriti@example.com,5965653859,Tinsukia,2024-03-31 20:31:00
651,Chameli Setty,farasbir@example.com,+918794991636,Rajahmundry,2024-08-25 18:48:00
652,Warinder Talwar,samarth65@example.net,+913846067571,Shimla,2024-10-23 14:43:00
653,Neelima Dasgupta,yadavi31@example.net,+917971651389,Jorhat,2024-10-16 20:40:00
654,Robert Kamdar,jonathan81@example.org,+918738786294,Raichur,2024-11-15 10:55:00
655,Mitali Saraf,balayekansh@example.net,7488226763,Panihati,2024-11-17 10:09:00
656,Zehaan Naik,saksham91@example.org,+911904782902,Siliguri,2024-08-13 02:30:00
657,Urvi Mand,bakhshi72@example.net,+912386579611,Hajipur,2024-08-14 20:19:00
658,Ubika Srinivasan,tgandhi@example.com,03710748455,Siliguri,2024-05-20 18:03:00
659,Charita Patla,wishinigam@example.com,04373241686,Malda,2024-06-29 16:04:00
660,Hemal Pal,nwalla@example.com,09932919222,Hospet,2024-06-07 14:28:00
661,Omkaar Rastogi,maharajaarna@example.org,+919032183131,Burhanpur,2024-01-20 01:23:00
662,Unni Trivedi,yogigauri@example.net,+913179135215,Kavali,2024-05-26 02:41:00
663,Yash Kuruvilla,jnair@example.com,+911679666745,Bharatpur,2024-02-16 19:38:00
664,Raghav Wason,sanedeepa@example.net,01189023204,Alappuzha,2024-09-16 12:29:00
665,Vedika Hora,darika65@example.net,07064608714,Madanapalle,2024-10-24 17:50:00
666,Leela Barman,yutika12@example.com,08779030065,Dharmavaram,2024-01-22 14:58:00
667,Vedika Mann,bbala@example.com,+911582270658,Patiala,2024-10-19 20:12:00
668,Vritti Iyer,daksheshbahl@example.com,6176854173,Rohtak,2024-06-13 19:30:00
669,Wazir Shan,bahridarpan@example.com,2458223586,Nandyal,2024-09-13 04:03:00
670,Chanchal Dasgupta,yadavihora@example.org,02202209381,Avadi,2024-08-18 03:51:00
671,Aarna Johal,upkaarloyal@example.com,0099797552,Gurgaon,2024-06-24 22:05:00
672,Harrison Mannan,idikaanne@example.net,+916362734903,Shahjahanpur,2024-09-15 20:11:00
673,Gunbir Bhakta,varsha39@example.org,+912460532848,Sultan Pur Majra,2024-01-21 07:45:00
674,Leela Luthra,palanvrinda@example.org,+913530590720,Jodhpur,2024-08-12 14:33:00
675,Rachit Parmer,samanidra@example.com,08540549529,Vellore,2024-09-24 19:10:00
676,Waida Balakrishnan,chatterjeeojasvi@example.net,01246446879,Chandrapur,2024-07-05 11:58:00
677,Garima Kala,rehaan52@example.org,8900485078,North Dumdum,2024-05-24 12:26:00
678,Darsh Muni,nagarqabil@example.org,+918765064716,Saharsa,2024-06-22 21:38:00
679,Bakhshi Garg,csingh@example.com,8593062383,Panipat,2024-01-27 20:41:00
680,Bahadurjit Ratti,ochakrabarti@example.net,2819742533,Burhanpur,2024-06-20 02:21:00
681,Jyoti Sarna,thakersaumya@example.net,4339071402,Pimpri-Chinchwad,2024-02-18 17:43:00
682,Inaya Shenoy,nidra28@example.net,+916467123514,Mahbubnagar,2024-07-16 09:16:00
683,Andrew Sachar,utkarshcheema@example.com,09346675845,Junagadh,2024-12-02 19:55:00
684,Neel Virk,hemangmital@example.net,0483790494,Serampore,2024-03-17 10:05:00
685,Lajita Lall,hmanne@example.com,09321398245,Solapur,2024-10-25 21:09:00
686,Hemani Gokhale,deyanjali@example.net,0671613215,Raebareli,2024-06-28 09:41:00
687,Zansi Buch,frederickchada@example.com,+913131314065,Kulti,2024-12-23 21:25:00
688,Harish Ben,comarraagini@example.com,03061125093,Khora ,2024-03-07 19:45:00
689,Leena Goel,saanvi15@example.com,04847646819,Nadiad,2024-02-13 09:35:00
690,Chavvi Dhar,valayagnesh@example.net,+915520939014,Serampore,2024-07-11 20:50:00
691,Pranav Bahl,idani@example.net,04883438257,Kakinada,2024-06-17 04:42:00
692,Imaran Anand,akshaypall@example.org,1659962444,Bikaner,2024-12-25 23:43:00
693,Faris Yohannan,sibalpallavi@example.net,03027627103,Hajipur,2024-09-26 02:41:00
694,Yadavi Khosla,halderjeet@example.com,+914015393521,Berhampur,2024-12-09 13:32:00
695,Neelima Chauhan,mistrymitesh@example.com,06130989791,Guntur,2024-07-04 00:23:00
696,Rajeshri Pau,bordeira@example.net,0886356002,Patiala,2024-06-07 05:13:00
697,Abha Jain,mkara@example.com,4685075692,Bellary,2024-06-23 15:12:00
698,Kiaan Kannan,koshyrushil@example.org,8997888510,Ozhukarai,2024-04-25 04:09:00
699,Hema Sem,lparmar@example.net,02422850843,Jaipur,2024-02-09 09:54:00
700,Bahadurjit Choudhry,nmane@example.net,+913099559232,Panvel,2024-02-21 16:49:00
701,Zaid Setty,parth31@example.net,0770869789,Sagar,2024-10-03 23:56:00
702,Janani Panchal,patrickgrover@example.net,8815754831,Sikar,2024-09-26 01:42:00
703,Praneel Kapadia,dominicghosh@example.org,0650358994,Bidhannagar,2024-06-21 19:08:00
704,Chanchal Dua,rkhatri@example.com,+914712988228,Guntakal,2024-11-01 12:09:00
705,Nandini Hayre,qsarma@example.net,+919298773718,Malegaon,2024-03-24 05:53:00
706,Mekhala Om,bhagatutkarsh@example.org,+913477418161,Katihar,2024-12-20 19:51:00
707,Tamanna Nadkarni,hsawhney@example.com,07402806847,Naihati,2024-03-25 23:28:00
708,Arya Choudhury,parthchaudhry@example.org,08579148149,Thanjavur,2024-01-23 13:23:00
709,Eta Patla,handacharita@example.org,+916069910373,Coimbatore,2024-12-12 23:15:00
710,Kevin Sagar,samakshpandya@example.org,7781883304,Thane,2024-08-15 19:18:00
711,Jason Gole,keya24@example.com,0026449870,Nagpur,2024-08-17 07:34:00
712,Urishilla Bakshi,krishnarao@example.org,04658622256,Korba,2024-05-02 09:51:00
713,Keya Loke,sathviknadkarni@example.net,5824188793,Morbi,2024-08-28 06:23:00
714,Mekhala Luthra,rbhardwaj@example.net,3942940688,Uluberia,2024-12-13 18:28:00
715,Robert Grover,yashodhara36@example.net,2688261945,Medininagar,2024-08-24 09:49:00
716,Jeet Konda,rushilpadmanabhan@example.net,+916843159337,Serampore,2024-07-14 16:33:00
717,Ojasvi Bir,csani@example.com,07159173928,Chennai,2024-08-02 05:52:00
718,Bina Sha,btaneja@example.net,+916310438308,Narasaraopet,2024-04-12 19:08:00
719,Vidhi Gulati,mukhopadhyayleela@example.org,+915545152858,Dhule,2024-05-08 01:41:00
720,Anika Naidu,waida69@example.org,05129825319,Alwar,2024-09-03 11:35:00
721,Nathaniel Ganesh,handaomya@example.com,6928025276,Tinsukia,2024-02-22 22:54:00
722,Nidhi Bhalla,qarin93@example.org,3398757808,Ahmedabad,2024-09-21 03:18:00
723,Azaan Kapoor,nidhi04@example.org,04624285141,Tinsukia,2024-02-12 05:17:00
724,Jackson Sant,jradhakrishnan@example.net,5961462188,Kharagpur,2024-08-18 16:09:00
725,Yatan Rana,xyohannan@example.net,5385854969,Sonipat,2024-08-11 02:58:00
726,Indrajit Prasad,nakul51@example.org,02569227409,Gorakhpur,2024-04-23 14:56:00
727,Yutika Natt,gmandal@example.com,6947112221,Junagadh,2024-06-27 00:26:00
728,Nathaniel Subramaniam,sibalfalak@example.com,04659273842,Nagpur,2024-01-28 12:32:00
729,Hemani Morar,praneelrana@example.org,05362621613,Bhagalpur,2024-07-10 07:24:00
730,Manya Batra,siddharth16@example.org,0829487950,Dibrugarh,2024-02-11 11:14:00
731,Anika Sagar,aarinibose@example.net,+913117078216,Dibrugarh,2024-01-15 10:59:00
732,Ladli Choudhury,ayush60@example.org,01433551810,Kolhapur,2024-02-20 22:41:00
733,Ekaja Barad,bosesuhani@example.org,+912612027583,Pali,2024-06-20 04:08:00
734,Megha Viswanathan,zachariaomaja@example.com,00566659836,Tezpur,2024-01-20 09:58:00
735,Krish Shah,praneelram@example.com,+910766091491,Bhind,2024-08-29 22:53:00
736,Tanish Sahota,nisharamanathan@example.org,4189598030,Unnao,2024-03-12 22:30:00
737,Sneha Lall,dmodi@example.org,1665729676,Nandyal,2024-08-17 19:00:00
738,Chandran Puri,goswamionveer@example.org,03491918779,Yamunanagar,2024-02-10 00:16:00
739,Rushil Saha,mprakash@example.net,3872718013,Sambhal,2024-04-20 04:35:00
740,Ekta Zacharia,goswamiindrajit@example.org,09117429703,Kolkata,2024-11-07 16:27:00
741,Eiravati Ramanathan,hsom@example.net,+915335500872,Bhalswa Jahangir Pur,2024-02-26 09:15:00
742,Yashawini Choudhry,goyalbachittar@example.com,6791533759,Arrah,2024-06-03 03:03:00
743,Faraj Borah,gjayaraman@example.org,06919206674,Jodhpur,2024-05-02 13:40:00
744,Samar Tak,siddharth21@example.org,1270586174,Narasaraopet,2024-11-14 14:04:00
745,Wriddhish Talwar,manne@example.com,01641425166,Bhind,2024-02-26 15:38:00
746,Theodore Bhagat,vnatt@example.org,+911011575656,Narasaraopet,2024-10-01 00:40:00
747,Finn Pandit,hritikdalal@example.com,07207975605,Anand,2024-09-20 18:15:00
748,Aarav Brahmbhatt,aadi76@example.com,7443289177,Darbhanga,2024-03-14 09:27:00
749,Chasmum Palla,fmangal@example.com,00130065124,Sambalpur,2024-01-01 19:22:00
750,Aradhana Swaminathan,vsidhu@example.com,5363978311,Eluru,2024-05-03 18:26:00
751,Aarush Gola,fitan92@example.net,+916774720615,Jehanabad,2024-04-05 21:42:00
752,Aahana Murthy,usankaran@example.com,+913539399455,Bidar,2024-02-13 16:23:00
753,Oscar Bala,yagneshjain@example.net,00613878855,Muzaffarpur,2024-02-04 16:34:00
754,Yasti Bora,niteshsethi@example.com,0283687249,Loni,2024-09-16 16:35:00
755,Irya Bhargava,qdin@example.net,+913408557468,Secunderabad,2024-01-11 12:55:00
756,Harsh Gala,poojakeer@example.org,7093417283,Gurgaon,2024-08-28 01:40:00
757,Nachiket Varghese,rastogiupadhriti@example.org,01967870124,Dharmavaram,2024-07-17 11:16:00
758,Ranveer Konda,varsha46@example.org,07776216640,Bhilai,2024-01-09 11:50:00
759,Dipta Wagle,chanchalshukla@example.com,+912345940096,Kulti,2024-02-04 11:15:00
760,Tanish Kurian,chaudhryikshita@example.org,09349929633,Phagwara,2024-12-02 20:06:00
761,Vaishnavi Peri,liam28@example.com,+912296160413,Morbi,2024-10-24 23:48:00
762,Megha Date,vihaanrout@example.org,+917019067908,Shahjahanpur,2024-06-19 04:02:00
763,Tejas Dubey,fsabharwal@example.com,02092638724,Kadapa,2024-06-29 17:21:00
764,Upkaar Toor,wyattkoshy@example.com,+911346494254,Burhanpur,2024-11-25 05:53:00
765,Gautami Kar,noommen@example.org,08618579438,Mangalore,2024-12-16 14:44:00
766,Aradhana Narain,omya35@example.net,08635030791,Adoni,2024-09-02 20:11:00
767,Madhavi Varughese,ishanisahota@example.net,7290486661,Saharsa,2024-03-10 02:45:00
768,Lipika Bahri,maya40@example.org,+916658042015,Sagar,2024-08-22 01:18:00
769,Vivaan Vohra,kevingolla@example.org,+914061050208,Raipur,2024-04-13 01:50:00
770,Udyati Shroff,jsolanki@example.com,4165384714,Jamalpur,2024-04-12 01:20:00
771,Ansh Wadhwa,ojasnayak@example.net,09578777640,Chandrapur,2024-06-07 16:25:00
772,Nimrat Das,chanakya81@example.net,5428333084,Rohtak,2024-10-05 15:16:00
773,Devansh Pillai,bariaviraj@example.org,03677169239,Bhiwani,2024-01-19 20:12:00
774,Fiyaz Krish,lakshitkohli@example.org,6011274970,New Delhi,2024-05-26 11:55:00
775,Ranbir Nagarajan,charvi47@example.net,06714435167,Malegaon,2024-01-25 20:21:00
776,Yashoda Bava,pratyushthakur@example.com,+917926223263,Ghaziabad,2024-05-19 03:51:00
777,Nirja Gole,dmalhotra@example.net,+910364225663,Dewas,2024-07-07 13:56:00
778,Vansha Badal,bhatudant@example.com,02744588472,Dharmavaram,2024-07-23 23:28:00
779,Amara Nagy,yashoda44@example.net,08138051409,Ranchi,2024-07-16 10:11:00
780,Triveni Agarwal,vedhika23@example.com,08863089443,Jamshedpur,2024-09-11 22:31:00
781,Ojasvi Natt,wbatta@example.net,6403165639,Baranagar,2024-07-07 16:17:00
782,Mason Mitter,kashish39@example.com,+912357441530,Hajipur,2024-02-12 23:27:00
783,Noah Muni,vrittidube@example.net,01084963108,Sonipat,2024-02-10 13:38:00
784,Vihaan Mistry,abhimanyu53@example.org,09009459839,Kottayam,2024-04-02 17:18:00
785,Nachiket Mital,saumya96@example.org,09631573977,Imphal,2024-06-13 03:05:00
786,Ishita Korpal,aachal74@example.net,1497727727,Kota,2024-06-16 21:18:00
787,Urvi Krishnamurthy,yachanasidhu@example.com,9325186050,Shimoga,2024-06-05 14:38:00
788,Balvan Singhal,choudhuryamara@example.org,9482480745,Tezpur,2024-08-06 05:44:00
789,Damini Bakshi,bhatnagarvihaan@example.net,7792225699,Tumkur,2024-08-15 11:28:00
790,Samesh D’Alia,anvi81@example.com,+917765893577,Kirari Suleman Nagar,2024-01-22 23:55:00
791,Pavani Kapoor,mahikabaria@example.net,+919187309902,Howrah,2024-06-29 19:27:00
792,Ekani Bhandari,svaidya@example.org,09952393741,Mathura,2024-05-20 20:50:00
793,Januja Choudhry,yoshita23@example.org,08437711593,Dehradun,2024-01-30 02:42:00
794,Gautami Sen,radhakrishnanbahadurjit@example.com,08038823408,Bhiwani,2024-11-22 12:23:00
795,Tripti Dubey,pranit50@example.net,+913333561987,Phagwara,2024-09-19 23:43:00
796,Abeer Dugal,chanakya98@example.com,00793887009,Ghaziabad,2024-03-22 00:09:00
797,Yatan Khalsa,aishani77@example.org,+913851401005,Sambhal,2024-11-07 21:50:00
798,Aarav Khosla,savantjagvi@example.org,7008887930,Rourkela,2024-08-12 01:08:00
799,Omaja Kala,narayananpriya@example.org,09916061503,Bokaro,2024-02-04 07:49:00
800,Leena Gupta,tradhakrishnan@example.net,+911634393909,Agra,2024-11-26 11:23:00
801,Jack Joshi,joshividhi@example.com,5672002289,Udaipur,2024-07-15 18:02:00
802,Ayush Dube,pahalchaudhary@example.org,01189267776,Sirsa,2024-11-05 04:43:00
803,Chakradev Jha,fvyas@example.org,+919096634752,Tiruvottiyur,2024-08-18 11:23:00
804,Forum Jhaveri,omishaseshadri@example.net,+919258880123,Gudivada,2024-08-15 02:36:00
805,Vritti Varughese,ryan09@example.org,6895149430,Bhilai,2024-03-11 16:23:00
806,Azaan Wagle,qmahal@example.com,+912549605459,Ballia,2024-07-22 10:41:00
807,Urmi Sur,jeevika55@example.net,+911823509103,Kulti,2024-05-22 07:07:00
808,Ikbal Thakur,dpillai@example.com,09783599333,Serampore,2024-01-14 23:11:00
809,George Andra,avi84@example.org,06833200593,Ludhiana,2024-09-12 16:24:00
810,Aachal Gade,xahluwalia@example.com,+915470784558,Kamarhati,2024-10-14 03:16:00
811,Saksham Sagar,theodore92@example.org,6778355502,Aizawl,2024-05-13 22:28:00
812,Gopal Agarwal,yashasvi59@example.org,+913105840440,Shahjahanpur,2024-04-19 19:18:00
813,Farhan Rastogi,faqidraman@example.com,+915763594928,Malda,2024-12-21 15:12:00
814,Zehaan Samra,kaulanthony@example.org,07432416614,Hubli–Dharwad,2024-03-03 04:54:00
815,Hema Pant,imaran55@example.net,+916675058544,Belgaum,2024-02-07 14:11:00
816,Praneel Solanki,gandhiraagini@example.com,1536715915,Malegaon,2024-12-31 14:05:00
817,Yashasvi Rege,ghoseucchal@example.com,3240109888,Guwahati,2024-12-15 10:42:00
818,Ranveer Subramanian,baghyawati72@example.net,+912658386175,Lucknow,2024-06-26 22:04:00
819,Zilmil Chaudhari,vkota@example.net,+915242372721,Dhule,2024-10-08 17:18:00
820,Hemal Pandya,jatin88@example.org,3438011915,Tiruvottiyur,2024-06-02 05:45:00
821,Saumya Ahuja,chandachakradhar@example.net,04654262391,Satna,2024-12-29 22:40:00
822,Wakeeta Ranganathan,aarinichaudry@example.net,1909980791,Amritsar,2024-03-30 11:32:00
823,Nathaniel Pandey,lajitabandi@example.org,2252201891,Rewa,2024-04-24 03:12:00
824,Wahab Chokshi,bahadurjitverma@example.net,00515749053,Tirupati,2024-03-12 07:50:00
825,Falguni Tripathi,tailoroscar@example.org,+918633189069,Ghaziabad,2024-09-09 00:23:00
826,Balveer Trivedi,balhaardevan@example.com,1698649839,Naihati,2024-10-10 18:23:00
827,Nimrat Bassi,taraagastya@example.org,+910678625118,Chittoor,2024-08-27 17:08:00
828,Pooja Sawhney,kumernakul@example.net,01851777440,Kalyan-Dombivli,2024-11-09 02:04:00
829,Om Andra,bhatnagarunni@example.com,01014012742,Bhusawal,2024-06-07 12:45:00
830,Libni Basak,ravelbachittar@example.net,+916657477308,Kollam,2024-09-02 16:26:00
831,Irya Seth,ngoda@example.com,6265393450,Etawah,2024-07-28 18:04:00
832,Advay Arora,karanyachana@example.org,03986080447,Hazaribagh,2024-03-05 10:41:00
833,Baljiwan Garde,trivedimugdha@example.com,3467095069,South Dumdum,2024-02-07 14:29:00
834,Ayaan Kalla,jsharaf@example.com,06026030728,Meerut,2024-12-14 16:22:00
835,Siddharth Kala,laksh34@example.com,9208101712,Nandyal,2024-03-06 17:40:00
836,Isha Mitter,sarthakpau@example.org,0057840305,Kulti,2024-10-27 05:49:00
837,Victor Magar,lsinha@example.org,00895914719,Anand,2024-03-07 13:32:00
838,Veda Dugar,vedantratti@example.net,+918844552012,Akola,2024-01-29 03:33:00
839,Dalbir Hayer,kamdarpranit@example.com,5850598179,Parbhani,2024-03-19 09:10:00
840,Abha Jaggi,tankyasti@example.com,+918283222675,Pimpri-Chinchwad,2024-03-23 10:59:00
841,Orinder Balay,kannanikbal@example.net,8274666312,Tirunelveli,2024-12-29 07:22:00
842,Praneel Roy,paupraneel@example.net,9327577771,Dehri,2024-09-22 09:54:00
843,Onveer Subramaniam,sureshayushman@example.net,1484777318,Ongole,2024-02-10 08:12:00
844,Wakeeta Bail,ojas05@example.net,+919918763255,Belgaum,2024-11-21 17:17:00
845,Tanvi Dara,syohannan@example.net,08226048791,Sikar,2024-03-05 20:19:00
846,Diya Arya,sahotaupkaar@example.com,+914510328905,Nellore,2024-11-10 17:05:00
847,Girik Sinha,rushilmodi@example.org,+918011336263,North Dumdum,2024-09-14 20:10:00
848,Janani Sodhi,calebnadkarni@example.org,+913693962351,Hazaribagh,2024-10-30 18:09:00
849,Advik Chandran,chandrayadavi@example.net,5160764360,Gandhidham,2024-03-28 21:39:00
850,Fariq Manda,sampathsanaya@example.com,07169185706,Arrah,2024-11-05 10:53:00
851,Oni Kata,aachalwalia@example.com,03263400938,Pimpri-Chinchwad,2024-10-15 01:52:00
852,Lila Rajan,girikpandey@example.org,+918952725573,Hapur,2024-01-15 02:02:00
853,Gaurangi Agrawal,srout@example.net,04488423405,Bangalore,2024-11-24 18:16:00
854,Jonathan Sanghvi,ridhiwali@example.net,07016539076,Berhampur,2024-11-29 06:49:00
855,Veda Mishra,wchander@example.org,+915592638823,Unnao,2024-10-19 13:39:00
856,Indrajit Bail,bathdamyanti@example.org,5688450651,Mysore,2024-11-23 00:31:00
857,Amrita Dutt,triya01@example.com,+915173558658,Nizamabad,2024-11-17 17:18:00
858,Aayush Purohit,fredericksani@example.net,02426800182,Jehanabad,2024-11-24 09:30:00
859,Maanav Kadakia,baljiwanraju@example.org,+911331949799,Belgaum,2024-05-05 21:25:00
860,Deepa Dora,basuindali@example.com,+913925675771,Berhampur,2024-06-01 14:04:00
861,Yachana Hora,surividhi@example.net,7800689641,Bhimavaram,2024-12-18 01:10:00
862,Kashvi Bhatia,krishnaabha@example.com,07009928858,Chandigarh,2024-08-13 13:30:00
863,Samuel Dasgupta,vartymaanas@example.org,+919184808854,Gudivada,2024-08-25 06:21:00
864,Aarav Bajwa,orinder06@example.com,+914884470234,Karawal Nagar,2024-11-06 04:20:00
865,Pooja Chauhan,snath@example.com,+916064220610,Jabalpur,2024-06-12 23:55:00
866,Krishna Varty,psha@example.com,03449848267,Dehradun,2024-06-25 12:08:00
867,Hemal Krish,patlaisaiah@example.net,09337264803,Nandyal,2024-07-08 16:35:00
868,Alexander Sha,krishchaudhary@example.net,02207990015,Khandwa,2024-02-24 10:15:00
869,Isaiah Deshpande,rkeer@example.net,+912678833366,Warangal,2024-08-26 03:17:00
870,Mohammed Aggarwal,chatresh08@example.net,7044613223,Deoghar,2024-08-18 07:09:00
871,Dipta Mitra,anika48@example.org,08323174682,Srikakulam,2024-02-19 01:18:00
872,Rajata Patla,kloke@example.net,+915992536320,Navi Mumbai,2024-07-15 19:26:00
873,Isaac Sethi,vamakshisarna@example.org,+915448300653,Ghaziabad,2024-05-07 05:52:00
874,Shravya Ravel,hritikjani@example.org,09944513168,Hazaribagh,2024-06-16 18:46:00
875,Ekapad Rajagopalan,harshdewan@example.net,03703106290,Bhusawal,2024-06-09 06:48:00
876,Raghav Madan,sheretanish@example.org,+919455417010,Amravati,2024-03-22 15:32:00
877,Devika Sami,rudra99@example.com,00106877039,Shahjahanpur,2024-08-27 15:56:00
878,Raksha Mall,ivohra@example.com,05068454063,Rajkot,2024-06-06 15:01:00
879,Lohit Sanghvi,qgour@example.net,04432929322,Jamshedpur,2024-02-16 12:32:00
880,Alexander Kala,purohityashodhara@example.net,+911402682632,Tadepalligudem,2024-08-22 07:13:00
881,Yauvani Madan,wishi17@example.com,+919670375458,Anantapur,2024-10-25 11:03:00
882,Nilima Vyas,tganesh@example.net,00110168637,Rewa,2024-01-26 09:31:00
883,Tripti Goel,kapurdhruv@example.com,+913185334341,Gulbarga,2024-11-01 20:43:00
884,Geetika Nagi,jeremiah88@example.com,+914649058488,Alappuzha,2024-08-28 09:34:00
885,Owen Koshy,wagledalaja@example.org,1536788340,Gudivada,2024-01-05 03:27:00
886,Dayamai Sarraf,ishanigoda@example.com,09650219235,Bhusawal,2024-03-09 08:46:00
887,Yashica Char,kapurkiaan@example.com,6414647754,Mumbai,2024-07-06 12:23:00
888,Matthew Dubey,rajeshrikarnik@example.org,5169678570,Aurangabad,2024-01-24 12:03:00
889,Veer Pal,ssekhon@example.net,0392612318,Sagar,2024-10-18 17:12:00
890,Darsh Dhar,surieesha@example.com,2572372289,Bikaner,2024-07-04 17:18:00
891,Kabir Chowdhury,advaith90@example.net,9841897728,Alappuzha,2024-02-07 12:32:00
892,Anirudh Goyal,ilad@example.net,+912772584166,Deoghar,2024-08-18 17:17:00
893,Chakrika Randhawa,vbasak@example.com,03904453651,Danapur,2024-11-15 21:39:00
894,Faqid Borde,fjohal@example.org,+912823315675,Vijayawada,2024-03-01 04:06:00
895,Chavvi Divan,crajagopalan@example.com,0033048022,Nagpur,2024-07-20 11:50:00
896,Odika Bajwa,lajitavig@example.net,+913808609862,Bidhannagar,2024-06-22 17:23:00
897,Vyanjana Tiwari,raytejas@example.com,+915832864041,Delhi,2024-03-14 06:38:00
898,Ati Sathe,paninidhawan@example.org,9205155654,Hapur,2024-09-17 12:32:00
899,Nitesh Nair,lajita89@example.org,08051114481,Gwalior,2024-01-21 01:02:00
900,Vrishti Palla,om90@example.com,8647782522,Srinagar,2024-03-11 22:21:00
901,Zayyan Panchal,borralila@example.com,08432775378,Sagar,2024-08-30 16:29:00
902,Owen Sahota,falansinghal@example.org,+911358460638,Yamunanagar,2024-03-17 19:57:00
903,Peter Nagi,lvyas@example.com,6688978160,Udaipur,2024-09-20 04:20:00
904,Advay Bakshi,rachitbadami@example.com,+917472292145,South Dumdum,2024-11-09 10:10:00
905,Manbir Wali,ethan81@example.net,01839509176,Bokaro,2024-07-20 19:47:00
906,Azaan Dara,aadhyanarula@example.com,06883799562,Pudukkottai,2024-06-02 18:21:00
907,Falak Gour,naruladakshesh@example.org,+912338348199,Howrah,2024-09-16 16:34:00
908,Jyoti Dayal,abhimanyurao@example.org,02763400506,Morena,2024-09-07 22:36:00
909,Harshil Buch,fthaker@example.com,01198155157,Saharanpur,2024-06-02 15:52:00
910,Triveni Bath,lbaral@example.net,+913946466458,Bhubaneswar,2024-01-09 11:21:00
911,Vivaan Tara,lajita41@example.com,+911562237611,Pudukkottai,2024-12-10 03:26:00
912,Vyanjana Chatterjee,yochanaagarwal@example.com,0826698325,Tiruvottiyur,2024-10-25 09:50:00
913,Advik Bhardwaj,kapurraghav@example.net,+912046656493,Chapra,2024-12-18 20:01:00
914,Nidhi Pai,munshivasana@example.org,3806860347,Sirsa,2024-11-01 15:16:00
915,Ishani Keer,bshankar@example.net,+913763008597,Gwalior,2024-12-01 18:36:00
916,Sathvik Gopal,vermaxavier@example.org,+913900416163,Bhopal,2024-04-26 23:03:00
917,Yagnesh Palan,pooja45@example.com,+910547273301,Begusarai,2024-10-25 15:10:00
918,Dakshesh Kadakia,ridhi79@example.org,0466665844,Tadepalligudem,2024-09-25 20:46:00
919,Tara Kurian,mitesh75@example.net,6495744063,Patna,2024-11-13 12:09:00
920,Robert Kulkarni,virkfalak@example.net,0467086605,Bhiwani,2024-12-14 07:02:00
921,Nachiket Wason,handazayyan@example.org,6662013086,Ozhukarai,2024-10-20 22:07:00
922,Onveer Prabhu,usuresh@example.com,5226657155,Kumbakonam,2024-04-07 00:28:00
923,Anvi Chacko,rpandit@example.net,+913427495549,Sultan Pur Majra,2024-06-09 13:09:00
924,Raghav Vora,krishnakrishna@example.net,09837009049,Kottayam,2024-07-30 22:13:00
925,Sanya Brahmbhatt,tanvi50@example.com,7317036122,Rewa,2024-07-29 16:49:00
926,Michael Dutta,nisha42@example.com,02745989131,Bardhaman,2024-11-09 15:55:00
927,Faras Amble,abhasaraf@example.org,04384847815,Pali,2024-02-01 22:08:00
928,Aashi Oak,bmerchant@example.com,3803900850,Miryalaguda,2024-09-22 06:35:00
929,Dalaja Sagar,snehayohannan@example.com,00072824350,Silchar,2024-06-15 21:30:00
930,Megha Kari,noriyoshita@example.com,4833887887,Nagaon,2024-09-26 12:20:00
931,Gaurika Ratti,achowdhury@example.org,3163592060,Morbi,2024-03-29 14:58:00
932,Qadim Soman,qramanathan@example.com,+914360244034,Unnao,2024-09-29 10:34:00
933,Jacob Dass,mhegde@example.org,5265087933,Bikaner,2024-06-30 21:49:00
934,Anirudh Roy,anthonydevi@example.com,09964395346,Deoghar,2024-12-14 20:51:00
935,Vasatika Brar,tarawriddhish@example.net,+910952482551,Tenali,2024-12-20 08:39:00
936,Omisha Mane,ppurohit@example.com,7007148529,Silchar,2024-09-04 06:15:00
937,Banjeet Gade,xaurora@example.org,+914507198243,Durg,2024-05-22 17:19:00
938,Banjeet Wali,garima31@example.org,+911738499296,Bulandshahr,2024-04-25 09:49:00
939,Bishakha Kata,bhattacharyyabarkha@example.com,6159799506,Noida,2024-05-27 22:13:00
940,Abhimanyu Rai,chakrika84@example.org,7410471702,Bhopal,2024-12-19 22:31:00
941,Harini Viswanathan,psabharwal@example.org,04917466692,Dharmavaram,2024-06-11 15:22:00
942,Bhanumati Narain,vpadmanabhan@example.org,2621847252,Visakhapatnam,2024-10-13 23:17:00
943,Neelima Sankar,libni35@example.com,8218934813,Meerut,2024-05-27 03:36:00
944,Jacob Master,kapoorhemal@example.net,3462001380,Kochi,2024-12-12 17:24:00
945,Devika Kothari,chackogaurika@example.com,+913665098959,Nadiad,2024-07-21 11:49:00
946,Zehaan Pillay,dateharinakshi@example.com,+913167895914,Imphal,2024-03-15 09:02:00
947,Vaishnavi Lad,ebhatia@example.com,1638838393,Raurkela Industrial Township,2024-05-27 22:05:00
948,Rushil Mitter,dthaker@example.com,00322890061,Erode,2024-06-26 14:41:00
949,Bishakha Dash,ybhandari@example.org,09210216480,Siliguri,2024-05-11 23:30:00
950,Lakshmi Behl,sandalneel@example.com,05119359765,Gaya,2024-04-19 06:52:00
951,Rushil Pillay,chaitanyasoman@example.net,7137314909,Singrauli,2024-10-02 08:59:00
952,Jyoti Ahuja,vartyvyanjana@example.org,+918795476600,Silchar,2024-10-14 22:17:00
953,Kritika Sharma,yadavraghav@example.com,07205253954,Pallavaram,2024-03-11 03:39:00
954,Nimrat Amble,vkapadia@example.net,04983555706,Gangtok,2024-10-27 07:15:00
955,Saumya Bhandari,xbora@example.org,04672652335,Tenali,2024-01-26 21:57:00
956,Lucky Ravel,prabhutanveer@example.org,08821449164,Ranchi,2024-09-28 07:40:00
957,Veda Nath,sandalraksha@example.org,+911009419147,Chinsurah,2024-04-29 01:06:00
958,Samar Atwal,waidajoshi@example.com,1859906053,Vadodara,2024-07-30 10:45:00
959,Ayush Biswas,zkara@example.com,2995237442,Jalna,2024-08-29 03:43:00
960,Anthony Zacharia,yahvi80@example.org,5786383576,Eluru,2024-03-11 00:35:00
961,Ekani Mandal,dalbir88@example.net,08142821764,Dharmavaram,2024-03-21 13:41:00
962,Chatresh Dara,nandiniverma@example.net,+915998824681,Motihari,2024-08-31 15:41:00
963,Utkarsh Biswas,hsidhu@example.org,09512975730,Jalandhar,2024-04-12 09:20:00
964,Vasana Gopal,sabharwalteerth@example.org,5504077679,Nanded,2024-05-26 20:03:00
965,Aadhya Chandran,vedhikadasgupta@example.org,3752814348,Kolkata,2024-02-15 20:36:00
966,Bhanumati Varma,rachit31@example.com,08198996764,Aligarh,2024-04-28 17:47:00
967,Ekbal Chanda,tamannadubey@example.com,+918444991934,Davanagere,2024-01-20 05:26:00
968,Aahana Maharaj,upadhriti05@example.org,+910178754592,Fatehpur,2024-03-31 01:53:00
969,Anvi Mangat,atharvmaharaj@example.com,08713367060,Mau,2024-07-22 15:11:00
970,Aarini Palan,ramxiti@example.org,07845961190,Tadepalligudem,2024-05-28 01:00:00
971,Odika Ram,tdara@example.com,03840354997,Sonipat,2024-06-01 18:38:00
972,Sachi Jhaveri,praval@example.com,4297005245,Kozhikode,2024-02-24 10:18:00
973,Siddharth Narula,jcontractor@example.com,+915163441453,Siliguri,2024-08-20 20:34:00
974,Ayush Setty,nathan88@example.org,+915106733358,Sirsa,2024-09-25 15:56:00
975,Theodore Ganesh,triveni85@example.org,+917958074284,Mumbai,2024-03-09 16:29:00
976,Noah Sant,ramaswamywahab@example.net,1605343071,South Dumdum,2024-05-19 06:51:00
977,Darsh Swamy,zkrish@example.org,+918514548168,Pudukkottai,2024-02-27 10:10:00
978,Eta Jhaveri,amaster@example.com,2046720893,Jaipur,2024-08-22 20:16:00
979,Daksh Sharma,mahalbanjeet@example.org,+914329340840,Sri Ganganagar,2024-04-05 00:47:00
980,Indira Pau,samrayoshita@example.org,02289583388,Jammu,2024-06-21 09:36:00
981,Jason Oak,tbahri@example.org,2860965241,Raichur,2024-12-11 06:11:00
982,Krishna Kapur,fmaster@example.org,4639650114,Raebareli,2024-11-08 20:57:00
983,Ekansh Rout,fradochaudhuri@example.net,09990793337,Secunderabad,2024-07-26 13:32:00
984,Bachittar Gara,ekanshsangha@example.com,07900360799,Berhampur,2024-06-16 02:25:00
985,Pooja Mammen,keyamani@example.net,6444875938,Vijayanagaram,2024-12-08 03:11:00
986,Hemal Ram,viraj31@example.com,06178480149,Gwalior,2024-03-12 15:20:00
987,Falguni Palla,luckykhare@example.com,5758263760,Avadi,2024-05-07 00:16:00
988,Unni Raju,prasadati@example.org,09480701992,Jamalpur,2024-07-15 07:28:00
989,Gagan Modi,kuruvillafalan@example.org,+915443300391,Indore,2024-05-16 10:19:00
990,Keya Barman,shaurya96@example.org,09241296645,Indore,2024-10-25 23:36:00
991,Zayan Sethi,ipall@example.com,04482904424,Bhilai,2024-01-06 08:41:00
992,Mahika Sachdev,onkar00@example.com,00964014909,Panvel,2024-07-03 22:15:00
993,Bhavani Taneja,sainifrederick@example.org,00389780595,Bellary,2024-02-01 21:07:00
994,Qabil Patla,jai30@example.org,09490560184,Secunderabad,2024-08-26 09:10:00
995,Ekapad Dhar,qpatla@example.net,5605942296,Gandhidham,2024-07-26 21:32:00
996,Mohammed Comar,anita89@example.com,6206448924,Chandrapur,2024-12-26 09:44:00
997,Kiaan Date,rayaankrishnamurthy@example.org,+917620365285,Jalna,2024-03-01 20:58:00
998,Ati Venkatesh,advay20@example.net,1802089343,Jalandhar,2024-05-31 11:39:00
999,Sai Contractor,onichad@example.net,3832703241,Berhampur,2024-04-23 07:08:00
1000,Wakeeta Subramanian,amaira79@example.net,07506016617,Medininagar,2024-09-01 04:29:00
